Workbook

Sheet global
A1: Country Name | B1: Country Code | C1: WHO_region | D1: WB_region | E1: Income_region | F1: GBD_region | G1: BBS_pop_2022 | H1: AvgSAT_2022 | I1: AvgSAT_2023 | J1: AvgSAT_2024 | K1: GDP_2022 | L1: GDP_2023 | M1: GDP_2024 | N1: perGDP_2022 | O1: perGDP_2023 | P1: perGDP_2024 | Q1: InfVax6m_2022 | R1: InfVax6m_2023 | S1: InfVax6m_2024 | T1: IVC65p_2022 | U1: IVC65p_2023 | V1: IVC65p_2024 | W1: PLGP_2022 | X1: PLGP_2023 | Y1: PLGP_2024 | Z1: PM_2020 | AA1: p14p_2022 | AB1: p14p_2023 | AC1: p14p_2024 | AD1: p65p_2022 | AE1: p65p_2023 | AF1: p65p_2024 | AG1: PopDens_2022 | AH1: PopDens_2023 | AI1: re_2022 | AJ1: re_2023 | AK1: re_2024 | AL1: INT_ARR_2022
A2: Afghanistan | B2: AFG | C2: =VLOOKUP(B2,'[1]who-regions'!$B$1:$D$206,3,FALSE) -> EMR | D2: =VLOOKUP(B2,'[2]Metadata - Countries'!$A$1:$B$266,2,FALSE) -> Middle East & North Africa | E2: =VLOOKUP(B2,'[2]Metadata - Countries'!$A$1:$C$266,3,FALSE) -> Low income | F2: =VLOOKUP(B2,'[3]data-Ib27t'!$A$1:$C$204,2,FALSE) -> #N/A | G2: 55.951941 | H2: =VLOOKUP(B2,[4]tas!$A$2:$H$247,5,FALSE) -> 13.1 | I2: =VLOOKUP(B2,[4]tas!$A$2:$H$247,6,FALSE) -> 13.18 | J2: =VLOOKUP(B2,[4]tas!$A$2:$H$247,7,FALSE) -> 13.22 | K2: 1.4497244e+10 | L2: 1.7152235e+10 | M2: 0 | N2: =VLOOKUP(B2,[2]Data!$B$1:$G$267,4,FALSE) -> 357.26115 | O2: =VLOOKUP(B2,[2]Data!$B$1:$G$267,5,FALSE) -> 413.75789 | P2: =VLOOKUP(B2,[2]Data!$B$1:$G$267,6,FALSE) -> 0 | Q2: =VLOOKUP(B2,[5]Sheet1!$B$421:$K$628,10,FALSE) -> 0 | R2: =VLOOKUP(B2,[5]Sheet1!$B$213:$K$420,10,FALSE) -> 0 | S2: =VLOOKUP(B2,[5]Sheet1!$B$2:$K$207,10,FALSE) -> 0 | T2: =VLOOKUP(B2,[6]Sheet1!$B$421:$K$628,10,FALSE) -> 0 | U2: =VLOOKUP(B2,[6]Sheet1!$B$213:$K$420,10,FALSE) -> 0 | V2: =VLOOKUP(B2,[6]Sheet1!$B$2:$K$212,10,FALSE) -> 0 | W2: 0 | X2: 0 | Y2: 0 | Z2: 46.087094 | AA2: 43.579841 | AB2: 43.226204 | AC2: 42.887506 | AD2: 2.3551424 | AE2: 2.3775375 | AF2: 2.40097 | AG2: 62.215541 | AH2: 63.558501 | AI2: =VLOOKUP(B2,[7]all!$A$2:$I$247,6,FALSE) -> 46.31 | AJ2: =VLOOKUP(B2,[7]all!$A$2:$I$247,7,FALSE) -> 46 | AK2: =VLOOKUP(B2,[7]all!$A$2:$I$247,8,FALSE) -> 46
A3: Albania | B3: ALB | C3: =VLOOKUP(B3,'[1]who-regions'!$B$1:$D$206,3,FALSE) -> EUR | D3: =VLOOKUP(B3,'[2]Metadata - Countries'!$A$1:$B$266,2,FALSE) -> Europe & Central Asia | E3: =VLOOKUP(B3,'[2]Metadata - Countries'!$A$1:$C$266,3,FALSE) -> Upper middle income | G3: 99.299266 | H3: =VLOOKUP(B3,[4]tas!$A$2:$H$247,5,FALSE) -> 13.35 | I3: =VLOOKUP(B3,[4]tas!$A$2:$H$247,6,FALSE) -> 13.4 | J3: =VLOOKUP(B3,[4]tas!$A$2:$H$247,7,FALSE) -> 13.41 | K3: 1.9017244e+10 | L3: 2.354718e+10 | M3: 2.7177736e+10 | N3: =VLOOKUP(B3,[2]Data!$B$1:$G$267,4,FALSE) -> 7756.9619 | O3: =VLOOKUP(B3,[2]Data!$B$1:$G$267,5,FALSE) -> 9730.8692 | P3: =VLOOKUP(B3,[2]Data!$B$1:$G$267,6,FALSE) -> 11377.776 | Q3: =VLOOKUP(B3,[5]Sheet1!$B$421:$K$628,10,FALSE) -> 0 | R3: =VLOOKUP(B3,[5]Sheet1!$B$213:$K$420,10,FALSE) -> 0 | S3: =VLOOKUP(B3,[5]Sheet1!$B$2:$K$207,10,FALSE) -> 0 | T3: =VLOOKUP(B3,[6]Sheet1!$B$421:$K$628,10,FALSE) -> 25.08 | U3: =VLOOKUP(B3,[6]Sheet1!$B$213:$K$420,10,FALSE) -> 25.08 | V3: =VLOOKUP(B3,[6]Sheet1!$B$2:$K$212,10,FALSE) -> 23.72 | W3: 85.972977 | X3: 86.650452 | Y3: 0 | Z3: 15.707004 | AA3: 17.222472 | AB3: 17.041973 | AC3: 16.840783 | AD3: 15.776338 | AE3: 16.302 | AF3: 16.922756 | AG3: 101.37551 | AH3: 100.21796 | AI3: =VLOOKUP(B3,[7]all!$A$2:$I$247,6,FALSE) -> 71.54 | AJ3: =VLOOKUP(B3,[7]all!$A$2:$I$247,7,FALSE) -> 71.76 | AK3: =VLOOKUP(B3,[7]all!$A$2:$I$247,8,FALSE) -> 71.81
A4: Algeria | B4: DZA | C4: =VLOOKUP(B4,'[1]who-regions'!$B$1:$D$206,3,FALSE) -> AFR | D4: =VLOOKUP(B4,'[2]Metadata - Countries'!$A$1:$B$266,2,FALSE) -> Middle East & North Africa | E4: =VLOOKUP(B4,'[2]Metadata - Countries'!$A$1:$C$266,3,FALSE) -> Upper middle income | G4: 85.826289 | H4: =VLOOKUP(B4,[4]tas!$A$2:$H$247,5,FALSE) -> 24.18 | I4: =VLOOKUP(B4,[4]tas!$A$2:$H$247,6,FALSE) -> 24.12 | J4: =VLOOKUP(B4,[4]tas!$A$2:$H$247,7,FALSE) -> 24.2 | K4: 2.2563846e+11 | L4: 2.4762616e+11 | M4: 2.6361979e+11 | N4: =VLOOKUP(B4,[2]Data!$B$1:$G$267,4,FALSE) -> 4960.3033 | O4: =VLOOKUP(B4,[2]Data!$B$1:$G$267,5,FALSE) -> 5370.4772 | P4: =VLOOKUP(B4,[2]Data!$B$1:$G$267,6,FALSE) -> 5752.9908 | Q4: =VLOOKUP(B4,[5]Sheet1!$B$421:$K$628,10,FALSE) -> 0 | R4: =VLOOKUP(B4,[5]Sheet1!$B$213:$K$420,10,FALSE) -> 0 | S4: =VLOOKUP(B4,[5]Sheet1!$B$2:$K$207,10,FALSE) -> 0 | T4: =VLOOKUP(B4,[6]Sheet1!$B$421:$K$628,10,FALSE) -> 0 | U4: =VLOOKUP(B4,[6]Sheet1!$B$213:$K$420,10,FALSE) -> 0 | V4: =VLOOKUP(B4,[6]Sheet1!$B$2:$K$212,10,FALSE) -> 0 | W4: 0 | X4: 0 | Y4: 0 | Z4: 25.552656 | AA4: 30.841192 | AB4: 30.639348 | AC4: 30.329005 | AD4: 6.1869635 | AE4: 6.3768587 | AF4: 6.5822121 | AG4: 19.094187 | AH4: 19.38256 | AI4: =VLOOKUP(B4,[7]all!$A$2:$I$247,6,FALSE) -> 30.14 | AJ4: =VLOOKUP(B4,[7]all!$A$2:$I$247,7,FALSE) -> 30.19 | AK4: =VLOOKUP(B4,[7]all!$A$2:$I$247,8,FALSE) -> 30.4
A5: American Samoa | B5: ASM | C5: =VLOOKUP(B5,'[1]who-regions'!$B$1:$D$206,3,FALSE) -> WPR | D5: =VLOOKUP(B5,'[2]Metadata - Countries'!$A$1:$B$266,2,FALSE) -> East Asia & Pacific | E5: =VLOOKUP(B5,'[2]Metadata - Countries'!$A$1:$C$266,3,FALSE) -> High income | G5: 54.145299 | H5: =VLOOKUP(B5,[4]tas!$A$2:$H$247,5,FALSE) -> 27 | I5: =VLOOKUP(B5,[4]tas!$A$2:$H$247,6,FALSE) -> 27.01 | J5: =VLOOKUP(B5,[4]tas!$A$2:$H$247,7,FALSE) -> 27.07 | K5: 871000000 | L5: 0 | M5: 0 | N5: =VLOOKUP(B5,[2]Data!$B$1:$G$267,4,FALSE) -> 18017.459 | O5: =VLOOKUP(B5,[2]Data!$B$1:$G$267,5,FALSE) -> 0 | P5: =VLOOKUP(B5,[2]Data!$B$1:$G$267,6,FALSE) -> 0 | Q5: =VLOOKUP(B5,[5]Sheet1!$B$421:$K$628,10,FALSE) -> #N/A | R5: =VLOOKUP(B5,[5]Sheet1!$B$213:$K$420,10,FALSE) -> #N/A | S5: =VLOOKUP(B5,[5]Sheet1!$B$2:$K$207,10,FALSE) -> #N/A | T5: =VLOOKUP(B5,[6]Sheet1!$B$421:$K$628,10,FALSE) -> #N/A | U5: =VLOOKUP(B5,[6]Sheet1!$B$213:$K$420,10,FALSE) -> #N/A | V5: =VLOOKUP(B5,[6]Sheet1!$B$2:$K$212,10,FALSE) -> #N/A | W5: 0 | X5: 0 | Y5: 0 | Z5: 6.7151474 | AA5: 28.065947 | AB5: 27.510995 | AC5: 27.008446 | AD5: 7.1036273 | AE5: 7.5503462 | AF5: 8.0444777 | AG5: 241.71 | AH5: 237.605 | AI5: =VLOOKUP(B5,[7]all!$A$2:$I$247,6,FALSE) -> 82.4 | AJ5: =VLOOKUP(B5,[7]all!$A$2:$I$247,7,FALSE) -> 82.3 | AK5: =VLOOKUP(B5,[7]all!$A$2:$I$247,8,FALSE) -> 82.44
A6: Andorra | B6: AND | C6: =VLOOKUP(B6,'[1]who-regions'!$B$1:$D$206,3,FALSE) -> EUR | D6: =VLOOKUP(B6,'[2]Metadata - Countries'!$A$1:$B$266,2,FALSE) -> Europe & Central Asia | E6: =VLOOKUP(B6,'[2]Metadata - Countries'!$A$1:$C$266,3,FALSE) -> High income | G6: 100 | H6: =VLOOKUP(B6,[4]tas!$A$2:$H$247,5,FALSE) -> 6.04 | I6: =VLOOKUP(B6,[4]tas!$A$2:$H$247,6,FALSE) -> 5.97 | J6: =VLOOKUP(B6,[4]tas!$A$2:$H$247,7,FALSE) -> 5.96 | K6: 3.3806126e+09 | L6: 3.7850673e+09 | M6: 4.0398444e+09 | N6: =VLOOKUP(B6,[2]Data!$B$1:$G$267,4,FALSE) -> 42414.048 | O6: =VLOOKUP(B6,[2]Data!$B$1:$G$267,5,FALSE) -> 46812.426 | P6: =VLOOKUP(B6,[2]Data!$B$1:$G$267,6,FALSE) -> 49303.649 | Q6: =VLOOKUP(B6,[5]Sheet1!$B$421:$K$628,10,FALSE) -> 0 | R6: =VLOOKUP(B6,[5]Sheet1!$B$213:$K$420,10,FALSE) -> 0 | S6: =VLOOKUP(B6,[5]Sheet1!$B$2:$K$207,10,FALSE) -> 0 | T6: =VLOOKUP(B6,[6]Sheet1!$B$421:$K$628,10,FALSE) -> 41.62 | U6: =VLOOKUP(B6,[6]Sheet1!$B$213:$K$420,10,FALSE) -> 37.12 | V6: =VLOOKUP(B6,[6]Sheet1!$B$2:$K$212,10,FALSE) -> 27.34 | W6: 0 | X6: 0 | Y6: 0 | Z6: 9.0802806 | AA6: 12.656044 | AB6: 12.2477 | AC6: 11.885278 | AD6: 14.968948 | AE6: 15.418151 | AF6: 15.94569 | AG6: 169.58511 | AH6: 172.03404 | AI6: =VLOOKUP(B6,[7]all!$A$2:$I$247,6,FALSE) -> 73.99 | AJ6: =VLOOKUP(B6,[7]all!$A$2:$I$247,7,FALSE) -> 74.74 | AK6: =VLOOKUP(B6,[7]all!$A$2:$I$247,8,FALSE) -> 74.02
A7: Angola | B7: AGO | C7: =VLOOKUP(B7,'[1]who-regions'!$B$1:$D$206,3,FALSE) -> AFR | D7: =VLOOKUP(B7,'[2]Metadata - Countries'!$A$1:$B$266,2,FALSE) -> Sub-Saharan Africa | E7: =VLOOKUP(B7,'[2]Metadata - Countries'!$A$1:$C$266,3,FALSE) -> Lower middle income | G7: 52.177276 | H7: =VLOOKUP(B7,[4]tas!$A$2:$H$247,5,FALSE) -> 23.2 | I7: =VLOOKUP(B7,[4]tas!$A$2:$H$247,6,FALSE) -> 23.23 | J7: =VLOOKUP(B7,[4]tas!$A$2:$H$247,7,FALSE) -> 23.29 | K7: 1.0439975e+11 | L7: 8.4875162e+10 | M7: 8.0396942e+10 | N7: =VLOOKUP(B7,[2]Data!$B$1:$G$267,4,FALSE) -> 3682.1132 | O7: =VLOOKUP(B7,[2]Data!$B$1:$G$267,5,FALSE) -> 2916.1366 | P7: =VLOOKUP(B7,[2]Data!$B$1:$G$267,6,FALSE) -> 2665.8744 | Q7: =VLOOKUP(B7,[5]Sheet1!$B$421:$K$628,10,FALSE) -> 0 | R7: =VLOOKUP(B7,[5]Sheet1!$B$213:$K$420,10,FALSE) -> 0 | S7: =VLOOKUP(B7,[5]Sheet1!$B$2:$K$207,10,FALSE) -> 0 | T7: =VLOOKUP(B7,[6]Sheet1!$B$421:$K$628,10,FALSE) -> 0 | U7: =VLOOKUP(B7,[6]Sheet1!$B$213:$K$420,10,FALSE) -> 0 | V7: =VLOOKUP(B7,[6]Sheet1!$B$2:$K$212,10,FALSE) -> 0 | W7: 0 | X7: 0 | Y7: 0 | Z7: 25.145238 | AA7: 44.757877 | AB7: 44.572265 | AC7: 44.350963 | AD7: 2.7733386 | AE7: 2.8114494 | AF7: 2.8524212 | AG7: 28.583484 | AH7: 29.477746 | AI7: =VLOOKUP(B7,[7]all!$A$2:$I$247,6,FALSE) -> 60.14 | AJ7: =VLOOKUP(B7,[7]all!$A$2:$I$247,7,FALSE) -> 59.78 | AK7: =VLOOKUP(B7,[7]all!$A$2:$I$247,8,FALSE) -> 59.98
A8: Antigua and Barbuda | B8: ATG | C8: =VLOOKUP(B8,'[1]who-regions'!$B$1:$D$206,3,FALSE) -> AMR | D8: =VLOOKUP(B8,'[2]Metadata - Countries'!$A$1:$B$266,2,FALSE) -> Latin America & Caribbean | E8: =VLOOKUP(B8,'[2]Metadata - Countries'!$A$1:$C$266,3,FALSE) -> High income | G8: 97.403719 | H8: =VLOOKUP(B8,[4]tas!$A$2:$H$247,5,FALSE) -> 26.52 | I8: =VLOOKUP(B8,[4]tas!$A$2:$H$247,6,FALSE) -> 26.56 | J8: =VLOOKUP(B8,[4]tas!$A$2:$H$247,7,FALSE) -> 26.61 | K8: 1.8665667e+09 | L8: 2.0057852e+09 | M8: 2.2248148e+09 | N8: =VLOOKUP(B8,[2]Data!$B$1:$G$267,4,FALSE) -> 20105.199 | O8: =VLOOKUP(B8,[2]Data!$B$1:$G$267,5,FALSE) -> 21494.547 | P8: =VLOOKUP(B8,[2]Data!$B$1:$G$267,6,FALSE) -> 23542.453 | Q8: =VLOOKUP(B8,[5]Sheet1!$B$421:$K$628,10,FALSE) -> 0 | R8: =VLOOKUP(B8,[5]Sheet1!$B$213:$K$420,10,FALSE) -> 0 | S8: =VLOOKUP(B8,[5]Sheet1!$B$2:$K$207,10,FALSE) -> 0 | T8: =VLOOKUP(B8,[6]Sheet1!$B$421:$K$628,10,FALSE) -> 0 | U8: =VLOOKUP(B8,[6]Sheet1!$B$213:$K$420,10,FALSE) -> 0 | V8: =VLOOKUP(B8,[6]Sheet1!$B$2:$K$212,10,FALSE) -> 0 | W8: 0 | X8: 0 | Y8: 0 | Z8: 19.69827 | AA8: 18.573352 | AB8: 18.217231 | AC8: 17.799651 | AD8: 10.728673 | AE8: 11.238755 | AF8: 11.784497 | AG8: 211 | AH8: 212.08182 | AI8: =VLOOKUP(B8,[7]all!$A$2:$I$247,6,FALSE) -> 80.04 | AJ8: =VLOOKUP(B8,[7]all!$A$2:$I$247,7,FALSE) -> 80.09 | AK8: =VLOOKUP(B8,[7]all!$A$2:$I$247,8,FALSE) -> 79.98
A9: Argentina | B9: ARG | C9: =VLOOKUP(B9,'[1]who-regions'!$B$1:$D$206,3,FALSE) -> AMR | D9: =VLOOKUP(B9,'[2]Metadata - Countries'!$A$1:$B$266,2,FALSE) -> Latin America & Caribbean | E9: =VLOOKUP(B9,'[2]Metadata - Countries'!$A$1:$C$266,3,FALSE) -> Upper middle income | G9: 0 | H9: =VLOOKUP(B9,[4]tas!$A$2:$H$247,5,FALSE) -> 15.52 | I9: =VLOOKUP(B9,[4]tas!$A$2:$H$247,6,FALSE) -> 15.52 | J9: =VLOOKUP(B9,[4]tas!$A$2:$H$247,7,FALSE) -> 15.65 | K9: 6.3279007e+11 | L9: 6.4607528e+11 | M9: 6.3326669e+11 | N9: =VLOOKUP(B9,[2]Data!$B$1:$G$267,4,FALSE) -> 13962.189 | O9: =VLOOKUP(B9,[2]Data!$B$1:$G$267,5,FALSE) -> 14261.847 | P9: =VLOOKUP(B9,[2]Data!$B$1:$G$267,6,FALSE) -> 13969.784 | Q9: =VLOOKUP(B9,[5]Sheet1!$B$421:$K$628,10,FALSE) -> 0 | R9: =VLOOKUP(B9,[5]Sheet1!$B$213:$K$420,10,FALSE) -> 0 | S9: =VLOOKUP(B9,[5]Sheet1!$B$2:$K$207,10,FALSE) -> 0 | T9: =VLOOKUP(B9,[6]Sheet1!$B$421:$K$628,10,FALSE) -> 75.85 | U9: =VLOOKUP(B9,[6]Sheet1!$B$213:$K$420,10,FALSE) -> 12.19 | V9: =VLOOKUP(B9,[6]Sheet1!$B$2:$K$212,10,FALSE) -> 0 | W9: 0 | X9: 0 | Y9: 0 | Z9: 14.908174 | AA9: 22.750746 | AB9: 22.190657 | AC9: 21.603943 | AD9: 12.03408 | AE9: 12.203022 | AF9: 12.416004 | AG9: 16.592272 | AH9: 16.639956 | AI9: =VLOOKUP(B9,[7]all!$A$2:$I$247,6,FALSE) -> 58.82 | AJ9: =VLOOKUP(B9,[7]all!$A$2:$I$247,7,FALSE) -> 58.82 | AK9: =VLOOKUP(B9,[7]all!$A$2:$I$247,8,FALSE) -> 58.14 | AL9: 113132.4
A10: Armenia | B10: ARM | C10: =VLOOKUP(B10,'[1]who-regions'!$B$1:$D$206,3,FALSE) -> EUR | D10: =VLOOKUP(B10,'[2]Metadata - Countries'!$A$1:$B$266,2,FALSE) -> Europe & Central Asia | E10: =VLOOKUP(B10,'[2]Metadata - Countries'!$A$1:$C$266,3,FALSE) -> Upper middle income | G10: 93.979714 | H10: =VLOOKUP(B10,[4]tas!$A$2:$H$247,5,FALSE) -> 7.59 | I10: =VLOOKUP(B10,[4]tas!$A$2:$H$247,6,FALSE) -> 7.58 | J10: =VLOOKUP(B10,[4]tas!$A$2:$H$247,7,FALSE) -> 7.75 | K10: 1.9513507e+10 | L10: 2.408575e+10 | M10: 2.5786586e+10 | N10: =VLOOKUP(B10,[2]Data!$B$1:$G$267,4,FALSE) -> 6571.9745 | O10: =VLOOKUP(B10,[2]Data!$B$1:$G$267,5,FALSE) -> 8159.0872 | P10: =VLOOKUP(B10,[2]Data!$B$1:$G$267,6,FALSE) -> 8556.2141 | Q10: =VLOOKUP(B10,[5]Sheet1!$B$421:$K$628,10,FALSE) -> 0 | R10: =VLOOKUP(B10,[5]Sheet1!$B$213:$K$420,10,FALSE) -> 0 | S10: =VLOOKUP(B10,[5]Sheet1!$B$2:$K$207,10,FALSE) -> 0 | T10: =VLOOKUP(B10,[6]Sheet1!$B$421:$K$628,10,FALSE) -> 17.3 | U10: =VLOOKUP(B10,[6]Sheet1!$B$213:$K$420,10,FALSE) -> 18.1 | V10: =VLOOKUP(B10,[6]Sheet1!$B$2:$K$212,10,FALSE) -> 20.13 | W10: 98.477921 | X10: 0 | Y10: 0 | Z10: 30.579633 | AA10: 19.862563 | AB10: 19.545334 | AC10: 19.237077 | AD10: 12.915158 | AE10: 13.211046 | AF10: 13.702769 | AG10: 105.29705 | AH10: 105.11911 | AI10: =VLOOKUP(B10,[7]all!$A$2:$I$247,6,FALSE) -> 69.54 | AJ10: =VLOOKUP(B10,[7]all!$A$2:$I$247,7,FALSE) -> 69.4 | AK10: =VLOOKUP(B10,[7]all!$A$2:$I$247,8,FALSE) -> 69.62
A11: Aruba | B11: ABW | C11: None | D11: =VLOOKUP(B11,'[2]Metadata - Countries'!$A$1:$B$266,2,FALSE) -> Latin America & Caribbean | E11: =VLOOKUP(B11,'[2]Metadata - Countries'!$A$1:$C$266,3,FALSE) -> High income | G11: 98.840002 | H11: =VLOOKUP(B11,[4]tas!$A$2:$H$247,5,FALSE) -> 27.11 | I11: =VLOOKUP(B11,[4]tas!$A$2:$H$247,6,FALSE) -> 27.07 | J11: =VLOOKUP(B11,[4]tas!$A$2:$H$247,7,FALSE) -> 27.13 | K11: 3.2793435e+09 | L11: 3.6485731e+09 | M11: 0 | N11: =VLOOKUP(B11,[2]Data!$B$1:$G$267,4,FALSE) -> 30975.999 | O11: =VLOOKUP(B11,[2]Data!$B$1:$G$267,5,FALSE) -> 35718.753 | P11: =VLOOKUP(B11,[2]Data!$B$1:$G$267,6,FALSE) -> 39498.594 | Q11: =VLOOKUP(B11,[5]Sheet1!$B$421:$K$628,10,FALSE) -> 0 | R11: =VLOOKUP(B11,[5]Sheet1!$B$213:$K$420,10,FALSE) -> 0 | S11: =VLOOKUP(B11,[5]Sheet1!$B$2:$K$207,10,FALSE) -> 0 | T11: =VLOOKUP(B11,[6]Sheet1!$B$421:$K$628,10,FALSE) -> 0 | U11: =VLOOKUP(B11,[6]Sheet1!$B$213:$K$420,10,FALSE) -> 0 | V11: =VLOOKUP(B11,[6]Sheet1!$B$2:$K$212,10,FALSE) -> 0 | W11: 0 | X11: 0 | Y11: 0 | Z11: 0 | AA11: 17.544674 | AB11: 17.185249 | AC11: 16.844876 | AD11: 15.70021 | AE11: 16.369043 | AF11: 17.056322 | AG11: 596.16667 | AH11: 596.43889 | AI11: =VLOOKUP(B11,[7]all!$A$2:$I$247,6,FALSE) -> 84.21 | AJ11: =VLOOKUP(B11,[7]all!$A$2:$I$247,7,FALSE) -> 84.23 | AK11: =VLOOKUP(B11,[7]all!$A$2:$I$247,8,FALSE) -> 84.25
A12: Australia | B12: AUS | C12: =VLOOKUP(B12,'[1]who-regions'!$B$1:$D$206,3,FALSE) -> WPR | D12: =VLOOKUP(B12,'[2]Metadata - Countries'!$A$1:$B$266,2,FALSE) -> East Asia & Pacific | E12: =VLOOKUP(B12,'[2]Metadata - Countries'!$A$1:$C$266,3,FALSE) -> High income | G12: 100 | H12: =VLOOKUP(B12,[4]tas!$A$2:$H$247,5,FALSE) -> 22.83 | I12: =VLOOKUP(B12,[4]tas!$A$2:$H$247,6,FALSE) -> 22.86 | J12: =VLOOKUP(B12,[4]tas!$A$2:$H$247,7,FALSE) -> 22.94 | K12: 1.6908582e+12 | L12: 1.7280573e+12 | M12: 1.7521933e+12 | N12: =VLOOKUP(B12,[2]Data!$B$1:$G$267,4,FALSE) -> 65169.519 | O12: =VLOOKUP(B12,[2]Data!$B$1:$G$267,5,FALSE) -> 65058.377 | P12: =VLOOKUP(B12,[2]Data!$B$1:$G$267,6,FALSE) -> 64603.986 | Q12: =VLOOKUP(B12,[5]Sheet1!$B$421:$K$628,10,FALSE) -> 0 | R12: =VLOOKUP(B12,[5]Sheet1!$B$213:$K$420,10,FALSE) -> 0 | S12: =VLOOKUP(B12,[5]Sheet1!$B$2:$K$207,10,FALSE) -> 0 | T12: =VLOOKUP(B12,[6]Sheet1!$B$421:$K$628,10,FALSE) -> 0 | U12: =VLOOKUP(B12,[6]Sheet1!$B$213:$K$420,10,FALSE) -> 0 | V12: =VLOOKUP(B12,[6]Sheet1!$B$2:$K$212,10,FALSE) -> 61.1 | W12: 0 | X12: 0 | Y12: 0 | Z12: 8.2517175 | AA12: 18.235542 | AB12: 18.030283 | AC12: 17.841848 | AD12: 17.075032 | AE12: 17.384025 | AF12: 17.730016 | AG12: 3.3819984 | AH12: 3.4649906 | AI12: =VLOOKUP(B12,[7]all!$A$2:$I$247,6,FALSE) -> 47.17 | AJ12: =VLOOKUP(B12,[7]all!$A$2:$I$247,7,FALSE) -> 47.01 | AK12: =VLOOKUP(B12,[7]all!$A$2:$I$247,8,FALSE) -> 46.84 | AL12: 309626
A13: Austria | B13: AUT | C13: =VLOOKUP(B13,'[1]who-regions'!$B$1:$D$206,3,FALSE) -> EUR | D13: =VLOOKUP(B13,'[2]Metadata - Countries'!$A$1:$B$266,2,FALSE) -> Europe & Central Asia | E13: =VLOOKUP(B13,'[2]Metadata - Countries'!$A$1:$C$266,3,FALSE) -> High income | G13: 99.972367 | H13: =VLOOKUP(B13,[4]tas!$A$2:$H$247,5,FALSE) -> 7.62 | I13: =VLOOKUP(B13,[4]tas!$A$2:$H$247,6,FALSE) -> 7.53 | J13: =VLOOKUP(B13,[4]tas!$A$2:$H$247,7,FALSE) -> 7.47 | K13: 4.7177363e+11 | L13: 5.116852e+11 | M13: 5.2164247e+11 | N13: =VLOOKUP(B13,[2]Data!$B$1:$G$267,4,FALSE) -> 52336.773 | O13: =VLOOKUP(B13,[2]Data!$B$1:$G$267,5,FALSE) -> 56579.504 | P13: =VLOOKUP(B13,[2]Data!$B$1:$G$267,6,FALSE) -> 58268.879 | Q13: =VLOOKUP(B13,[5]Sheet1!$B$421:$K$628,10,FALSE) -> 0 | R13: =VLOOKUP(B13,[5]Sheet1!$B$213:$K$420,10,FALSE) -> 0 | S13: =VLOOKUP(B13,[5]Sheet1!$B$2:$K$207,10,FALSE) -> 0 | T13: =VLOOKUP(B13,[6]Sheet1!$B$421:$K$628,10,FALSE) -> 0 | U13: =VLOOKUP(B13,[6]Sheet1!$B$213:$K$420,10,FALSE) -> 23.46 | V13: =VLOOKUP(B13,[6]Sheet1!$B$2:$K$212,10,FALSE) -> 0 | W13: 0 | X13: 0 | Y13: 0 | Z13: 10.933514 | AA13: 14.346154 | AB13: 14.302636 | AC13: 14.228002 | AD13: 19.789751 | AE13: 20.16402 | AF13: 20.606403 | AG13: 109.57163 | AH13: 110.66119 | AI13: =VLOOKUP(B13,[7]all!$A$2:$I$247,6,FALSE) -> 77.15 | AJ13: =VLOOKUP(B13,[7]all!$A$2:$I$247,7,FALSE) -> 77.28 | AK13: =VLOOKUP(B13,[7]all!$A$2:$I$247,8,FALSE) -> 77.08
A14: Azerbaijan | B14: AZE | C14: =VLOOKUP(B14,'[1]who-regions'!$B$1:$D$206,3,FALSE) -> EUR | D14: =VLOOKUP(B14,'[2]Metadata - Countries'!$A$1:$B$266,2,FALSE) -> Europe & Central Asia | E14: =VLOOKUP(B14,'[2]Metadata - Countries'!$A$1:$C$266,3,FALSE) -> Upper middle income | G14: 0 | H14: =VLOOKUP(B14,[4]tas!$A$2:$H$247,5,FALSE) -> 13.13 | I14: =VLOOKUP(B14,[4]tas!$A$2:$H$247,6,FALSE) -> 13.09 | J14: =VLOOKUP(B14,[4]tas!$A$2:$H$247,7,FALSE) -> 13.24 | K14: 7.8807471e+10 | L14: 7.2428471e+10 | M14: 7.4315882e+10 | N14: =VLOOKUP(B14,[2]Data!$B$1:$G$267,4,FALSE) -> 7770.5942 | O14: =VLOOKUP(B14,[2]Data!$B$1:$G$267,5,FALSE) -> 7133.0284 | P14: =VLOOKUP(B14,[2]Data!$B$1:$G$267,6,FALSE) -> 7283.8499 | Q14: =VLOOKUP(B14,[5]Sheet1!$B$421:$K$628,10,FALSE) -> 0 | R14: =VLOOKUP(B14,[5]Sheet1!$B$213:$K$420,10,FALSE) -> 0 | S14: =VLOOKUP(B14,[5]Sheet1!$B$2:$K$207,10,FALSE) -> 0 | T14: =VLOOKUP(B14,[6]Sheet1!$B$421:$K$628,10,FALSE) -> 0.52 | U14: =VLOOKUP(B14,[6]Sheet1!$B$213:$K$420,10,FALSE) -> 0.44 | V14: =VLOOKUP(B14,[6]Sheet1!$B$2:$K$212,10,FALSE) -> 0.36 | W14: 99.041634 | X14: 99.33773 | Y14: 0 | Z14: 21.727 | AA14: 22.797603 | AB14: 22.344439 | AC14: 21.811634 | AD14: 7.526514 | AE14: 8.0105487 | AF14: 8.5557671 | AG14: 122.70727 | AH14: 122.85491 | AI14: =VLOOKUP(B14,[7]all!$A$2:$I$247,6,FALSE) -> 68.6 | AJ14: =VLOOKUP(B14,[7]all!$A$2:$I$247,7,FALSE) -> 68.43 | AK14: =VLOOKUP(B14,[7]all!$A$2:$I$247,8,FALSE) -> 68.73 | AL14: 17778
A15: Bahamas, The | B15: BHS | C15: =VLOOKUP(B15,'[1]who-regions'!$B$1:$D$206,3,FALSE) -> AMR | D15: =VLOOKUP(B15,'[2]Metadata - Countries'!$A$1:$B$266,2,FALSE) -> Latin America & Caribbean | E15: =VLOOKUP(B15,'[2]Metadata - Countries'!$A$1:$C$266,3,FALSE) -> High income | G15: 0 | H15: =VLOOKUP(B15,[4]tas!$A$2:$H$247,5,FALSE) -> 25.84 | I15: =VLOOKUP(B15,[4]tas!$A$2:$H$247,6,FALSE) -> 25.88 | J15: =VLOOKUP(B15,[4]tas!$A$2:$H$247,7,FALSE) -> 25.89 | K15: 13896800000 | L15: 15271300000 | M15: 15832800000 | N15: =VLOOKUP(B15,[2]Data!$B$1:$G$267,4,FALSE) -> 34957.161 | O15: =VLOOKUP(B15,[2]Data!$B$1:$G$267,5,FALSE) -> 38231.774 | P15: =VLOOKUP(B15,[2]Data!$B$1:$G$267,6,FALSE) -> 39455.447 | Q15: =VLOOKUP(B15,[5]Sheet1!$B$421:$K$628,10,FALSE) -> 0 | R15: =VLOOKUP(B15,[5]Sheet1!$B$213:$K$420,10,FALSE) -> 0 | S15: =VLOOKUP(B15,[5]Sheet1!$B$2:$K$207,10,FALSE) -> 0 | T15: =VLOOKUP(B15,[6]Sheet1!$B$421:$K$628,10,FALSE) -> 0 | U15: =VLOOKUP(B15,[6]Sheet1!$B$213:$K$420,10,FALSE) -> 0 | V15: =VLOOKUP(B15,[6]Sheet1!$B$2:$K$212,10,FALSE) -> 0 | W15: 0 | X15: 0 | Y15: 0 | Z15: 18.939392 | AA15: 18.751266 | AB15: 18.328262 | AC15: 17.912795 | AD15: 11.252118 | AE15: 11.497958 | AF15: 11.775854 | AG15: 39.714086 | AH15: 39.904096 | AI15: =VLOOKUP(B15,[7]all!$A$2:$I$247,6,FALSE) -> 76.76 | AJ15: =VLOOKUP(B15,[7]all!$A$2:$I$247,7,FALSE) -> 76.78 | AK15: =VLOOKUP(B15,[7]all!$A$2:$I$247,8,FALSE) -> 76.76
A16: Bahrain | B16: BHR | C16: =VLOOKUP(B16,'[1]who-regions'!$B$1:$D$206,3,FALSE) -> EMR | D16: =VLOOKUP(B16,'[2]Metadata - Countries'!$A$1:$B$266,2,FALSE) -> Middle East & North Africa | E16: =VLOOKUP(B16,'[2]Metadata - Countries'!$A$1:$C$266,3,FALSE) -> High income | G16: 100 | H16: =VLOOKUP(B16,[4]tas!$A$2:$H$247,5,FALSE) -> 26.92 | I16: =VLOOKUP(B16,[4]tas!$A$2:$H$247,6,FALSE) -> 26.95 | J16: =VLOOKUP(B16,[4]tas!$A$2:$H$247,7,FALSE) -> 27.03 | K16: 4.6458191e+10 | L16: 4.6192261e+10 | M16: 4.7736702e+10 | N16: =VLOOKUP(B16,[2]Data!$B$1:$G$267,4,FALSE) -> 30470.522 | O16: =VLOOKUP(B16,[2]Data!$B$1:$G$267,5,FALSE) -> 29290.128 | P16: =VLOOKUP(B16,[2]Data!$B$1:$G$267,6,FALSE) -> 29653.568 | Q16: =VLOOKUP(B16,[5]Sheet1!$B$421:$K$628,10,FALSE) -> 0 | R16: =VLOOKUP(B16,[5]Sheet1!$B$213:$K$420,10,FALSE) -> 0 | S16: =VLOOKUP(B16,[5]Sheet1!$B$2:$K$207,10,FALSE) -> 0 | T16: =VLOOKUP(B16,[6]Sheet1!$B$421:$K$628,10,FALSE) -> 0 | U16: =VLOOKUP(B16,[6]Sheet1!$B$213:$K$420,10,FALSE) -> 6.4 | V16: =VLOOKUP(B16,[6]Sheet1!$B$2:$K$212,10,FALSE) -> 0 | W16: 99.751717 | X16: 96.419983 | Y16: 0 | Z16: 58.495063 | AA16: 19.078958 | AB16: 18.991881 | AC16: 18.716766 | AD16: 3.4989524 | AE16: 3.6380044 | AF16: 3.8533996 | AG16: 1929.9911 | AH16: 1971.3238 | AI16: =VLOOKUP(B16,[7]all!$A$2:$I$247,6,FALSE) -> 68.43 | AJ16: =VLOOKUP(B16,[7]all!$A$2:$I$247,7,FALSE) -> 68.02 | AK16: =VLOOKUP(B16,[7]all!$A$2:$I$247,8,FALSE) -> 67.88
A17: Bangladesh | B17: BGD | C17: =VLOOKUP(B17,'[1]who-regions'!$B$1:$D$206,3,FALSE) -> SEAR | D17: =VLOOKUP(B17,'[2]Metadata - Countries'!$A$1:$B$266,2,FALSE) -> South Asia | E17: =VLOOKUP(B17,'[2]Metadata - Countries'!$A$1:$C$266,3,FALSE) -> Lower middle income | G17: 59.295191 | H17: =VLOOKUP(B17,[4]tas!$A$2:$H$247,5,FALSE) -> 25.82 | I17: =VLOOKUP(B17,[4]tas!$A$2:$H$247,6,FALSE) -> 25.91 | J17: =VLOOKUP(B17,[4]tas!$A$2:$H$247,7,FALSE) -> 25.93 | K17: 4.6013169e+11 | L17: 4.3741533e+11 | M17: 4.5011942e+11 | N17: =VLOOKUP(B17,[2]Data!$B$1:$G$267,4,FALSE) -> 2716.4859 | O17: =VLOOKUP(B17,[2]Data!$B$1:$G$267,5,FALSE) -> 2551.0177 | P17: =VLOOKUP(B17,[2]Data!$B$1:$G$267,6,FALSE) -> 2593.4161 | Q17: =VLOOKUP(B17,[5]Sheet1!$B$421:$K$628,10,FALSE) -> 0 | R17: =VLOOKUP(B17,[5]Sheet1!$B$213:$K$420,10,FALSE) -> 0 | S17: =VLOOKUP(B17,[5]Sheet1!$B$2:$K$207,10,FALSE) -> 0 | T17: =VLOOKUP(B17,[6]Sheet1!$B$421:$K$628,10,FALSE) -> 0 | U17: =VLOOKUP(B17,[6]Sheet1!$B$213:$K$420,10,FALSE) -> 0 | V17: =VLOOKUP(B17,[6]Sheet1!$B$2:$K$212,10,FALSE) -> 0 | W17: 0 | X17: 0 | Y17: 0 | Z17: 42.381376 | AA17: 28.77009 | AB17: 28.360882 | AC17: 27.988931 | AD17: 6.1351577 | AE17: 6.3205481 | AF17: 6.498463 | AG17: 1300.36 | AH17: 1319.1798 | AI17: =VLOOKUP(B17,[7]all!$A$2:$I$247,6,FALSE) -> 76.46 | AJ17: =VLOOKUP(B17,[7]all!$A$2:$I$247,7,FALSE) -> 76.29 | AK17: =VLOOKUP(B17,[7]all!$A$2:$I$247,8,FALSE) -> 76.37
A18: Barbados | B18: BRB | C18: =VLOOKUP(B18,'[1]who-regions'!$B$1:$D$206,3,FALSE) -> AMR | D18: =VLOOKUP(B18,'[2]Metadata - Countries'!$A$1:$B$266,2,FALSE) -> Latin America & Caribbean | E18: =VLOOKUP(B18,'[2]Metadata - Countries'!$A$1:$C$266,3,FALSE) -> High income | G18: 98.092462 | H18: =VLOOKUP(B18,[4]tas!$A$2:$H$247,5,FALSE) -> 26.73 | I18: =VLOOKUP(B18,[4]tas!$A$2:$H$247,6,FALSE) -> 26.77 | J18: =VLOOKUP(B18,[4]tas!$A$2:$H$247,7,FALSE) -> 26.78 | K18: 6257303500 | L18: 6720733200 | M18: 7165000000 | N18: =VLOOKUP(B18,[2]Data!$B$1:$G$267,4,FALSE) -> 24387.039 | O18: =VLOOKUP(B18,[2]Data!$B$1:$G$267,5,FALSE) -> 25583.879 | P18: =VLOOKUP(B18,[2]Data!$B$1:$G$267,6,FALSE) -> 26544.871 | Q18: =VLOOKUP(B18,[5]Sheet1!$B$421:$K$628,10,FALSE) -> 0 | R18: =VLOOKUP(B18,[5]Sheet1!$B$213:$K$420,10,FALSE) -> 0 | S18: =VLOOKUP(B18,[5]Sheet1!$B$2:$K$207,10,FALSE) -> 0 | T18: =VLOOKUP(B18,[6]Sheet1!$B$421:$K$628,10,FALSE) -> 0 | U18: =VLOOKUP(B18,[6]Sheet1!$B$213:$K$420,10,FALSE) -> 0 | V18: =VLOOKUP(B18,[6]Sheet1!$B$2:$K$212,10,FALSE) -> 0 | W18: 94.68705 | X18: 0 | Y18: 0 | Z18: 23.730966 | AA18: 17.725402 | AB18: 17.486789 | AC18: 17.241276 | AD18: 15.698786 | AE18: 16.093414 | AF18: 16.550223 | AG18: 656.55349 | AH18: 656.59535 | AI18: =VLOOKUP(B18,[7]all!$A$2:$I$247,6,FALSE) -> 80.89 | AJ18: =VLOOKUP(B18,[7]all!$A$2:$I$247,7,FALSE) -> 80.9 | AK18: =VLOOKUP(B18,[7]all!$A$2:$I$247,8,FALSE) -> 80.85
A19: Belarus | B19: BLR | C19: =VLOOKUP(B19,'[1]who-regions'!$B$1:$D$206,3,FALSE) -> EUR | D19: =VLOOKUP(B19,'[2]Metadata - Countries'!$A$1:$B$266,2,FALSE) -> Europe & Central Asia | E19: =VLOOKUP(B19,'[2]Metadata - Countries'!$A$1:$C$266,3,FALSE) -> Upper middle income | G19: 99.558664 | H19: =VLOOKUP(B19,[4]tas!$A$2:$H$247,5,FALSE) -> 8.1 | I19: =VLOOKUP(B19,[4]tas!$A$2:$H$247,6,FALSE) -> 7.84 | J19: =VLOOKUP(B19,[4]tas!$A$2:$H$247,7,FALSE) -> 7.76 | K19: 7.377518e+10 | L19: 7.247876e+10 | M19: 7.5961865e+10 | N19: =VLOOKUP(B19,[2]Data!$B$1:$G$267,4,FALSE) -> 7994.6481 | O19: =VLOOKUP(B19,[2]Data!$B$1:$G$267,5,FALSE) -> 7896.7539 | P19: =VLOOKUP(B19,[2]Data!$B$1:$G$267,6,FALSE) -> 8317.634 | Q19: =VLOOKUP(B19,[5]Sheet1!$B$421:$K$628,10,FALSE) -> 8.75 | R19: =VLOOKUP(B19,[5]Sheet1!$B$213:$K$420,10,FALSE) -> 9.82 | S19: =VLOOKUP(B19,[5]Sheet1!$B$2:$K$207,10,FALSE) -> 5.77 | T19: =VLOOKUP(B19,[6]Sheet1!$B$421:$K$628,10,FALSE) -> 75.97 | U19: =VLOOKUP(B19,[6]Sheet1!$B$213:$K$420,10,FALSE) -> 76.13 | V19: =VLOOKUP(B19,[6]Sheet1!$B$2:$K$212,10,FALSE) -> 39.93 | W19: 95.092247 | X19: 97.862228 | Y19: 0 | Z19: 14.60899 | AA19: 16.959853 | AB19: 16.675284 | AC19: 16.297229 | AD19: 16.506785 | AE19: 17.061975 | AF19: 17.666564 | AG19: 45.460717 | AH19: 45.217077 | AI19: =VLOOKUP(B19,[7]all!$A$2:$I$247,6,FALSE) -> 78 | AJ19: =VLOOKUP(B19,[7]all!$A$2:$I$247,7,FALSE) -> 78.06 | AK19: =VLOOKUP(B19,[7]all!$A$2:$I$247,8,FALSE) -> 78.23 | AL19: 4290
A20: Belgium | B20: BEL | C20: =VLOOKUP(B20,'[1]who-regions'!$B$1:$D$206,3,FALSE) -> EUR | D20: =VLOOKUP(B20,'[2]Metadata - Countries'!$A$1:$B$266,2,FALSE) -> Europe & Central Asia | E20: =VLOOKUP(B20,'[2]Metadata - Countries'!$A$1:$C$266,3,FALSE) -> High income | G20: 99.486217 | H20: =VLOOKUP(B20,[4]tas!$A$2:$H$247,5,FALSE) -> 10.78 | I20: =VLOOKUP(B20,[4]tas!$A$2:$H$247,6,FALSE) -> 10.6 | J20: =VLOOKUP(B20,[4]tas!$A$2:$H$247,7,FALSE) -> 10.65 | K20: 5.9361457e+11 | L20: 6.4465528e+11 | M20: 6.6456418e+11 | N20: =VLOOKUP(B20,[2]Data!$B$1:$G$267,4,FALSE) -> 50605.75 | O20: =VLOOKUP(B20,[2]Data!$B$1:$G$267,5,FALSE) -> 55291.475 | P20: =VLOOKUP(B20,[2]Data!$B$1:$G$267,6,FALSE) -> 56614.568 | Q20: =VLOOKUP(B20,[5]Sheet1!$B$421:$K$628,10,FALSE) -> 0 | R20: =VLOOKUP(B20,[5]Sheet1!$B$213:$K$420,10,FALSE) -> 0 | S20: =VLOOKUP(B20,[5]Sheet1!$B$2:$K$207,10,FALSE) -> 0 | T20: =VLOOKUP(B20,[6]Sheet1!$B$421:$K$628,10,FALSE) -> 57.3 | U20: =VLOOKUP(B20,[6]Sheet1!$B$213:$K$420,10,FALSE) -> 0 | V20: =VLOOKUP(B20,[6]Sheet1!$B$2:$K$212,10,FALSE) -> 0 | W20: 0 | X20: 0 | Y20: 0 | Z20: 11.216066 | AA20: 16.529679 | AB20: 16.290745 | AC20: 15.996127 | AD20: 19.767193 | AE20: 20.145275 | AF20: 20.558081 | AG20: 383.03306 | AH20: 386.54893 | AI20: =VLOOKUP(B20,[7]all!$A$2:$I$247,6,FALSE) -> 80.15 | AJ20: =VLOOKUP(B20,[7]all!$A$2:$I$247,7,FALSE) -> 80.3 | AK20: =VLOOKUP(B20,[7]all!$A$2:$I$247,8,FALSE) -> 80.08
A21: Belize | B21: BLZ | C21: =VLOOKUP(B21,'[1]who-regions'!$B$1:$D$206,3,FALSE) -> AMR | D21: =VLOOKUP(B21,'[2]Metadata - Countries'!$A$1:$B$266,2,FALSE) -> Latin America & Caribbean | E21: =VLOOKUP(B21,'[2]Metadata - Countries'!$A$1:$C$266,3,FALSE) -> Upper middle income | G21: 88.251078 | H21: =VLOOKUP(B21,[4]tas!$A$2:$H$247,5,FALSE) -> 26.2 | I21: =VLOOKUP(B21,[4]tas!$A$2:$H$247,6,FALSE) -> 26.29 | J21: =VLOOKUP(B21,[4]tas!$A$2:$H$247,7,FALSE) -> 26.29 | K21: 2846700000 | L21: 3066850000 | M21: 3.5157833e+09 | N21: =VLOOKUP(B21,[2]Data!$B$1:$G$267,4,FALSE) -> 7068.2173 | O21: =VLOOKUP(B21,[2]Data!$B$1:$G$267,5,FALSE) -> 7424.7582 | P21: =VLOOKUP(B21,[2]Data!$B$1:$G$267,6,FALSE) -> 7681.244 | Q21: =VLOOKUP(B21,[5]Sheet1!$B$421:$K$628,10,FALSE) -> 0 | R21: =VLOOKUP(B21,[5]Sheet1!$B$213:$K$420,10,FALSE) -> 0 | S21: =VLOOKUP(B21,[5]Sheet1!$B$2:$K$207,10,FALSE) -> 0 | T21: =VLOOKUP(B21,[6]Sheet1!$B$421:$K$628,10,FALSE) -> 0.8 | U21: =VLOOKUP(B21,[6]Sheet1!$B$213:$K$420,10,FALSE) -> 2.96 | V21: =VLOOKUP(B21,[6]Sheet1!$B$2:$K$212,10,FALSE) -> 1.62 | W21: 86.889328 | X21: 96.053169 | Y21: 0 | Z21: 28.651807 | AA21: 27.610849 | AB21: 26.992585 | AC21: 26.578416 | AD21: 4.7083303 | AE21: 4.8413363 | AF21: 5.0238388 | AG21: 17.655984 | AH21: 18.02306 | AI21: =VLOOKUP(B21,[7]all!$A$2:$I$247,6,FALSE) -> 80.78 | AJ21: =VLOOKUP(B21,[7]all!$A$2:$I$247,7,FALSE) -> 80.57 | AK21: =VLOOKUP(B21,[7]all!$A$2:$I$247,8,FALSE) -> 80.8
A22: Benin | B22: BEN | C22: =VLOOKUP(B22,'[1]who-regions'!$B$1:$D$206,3,FALSE) -> AFR | D22: =VLOOKUP(B22,'[2]Metadata - Countries'!$A$1:$B$266,2,FALSE) -> Sub-Saharan Africa | E22: =VLOOKUP(B22,'[2]Metadata - Countries'!$A$1:$C$266,3,FALSE) -> Lower middle income | G22: 19.493502 | H22: =VLOOKUP(B22,[4]tas!$A$2:$H$247,5,FALSE) -> 28.2 | I22: =VLOOKUP(B22,[4]tas!$A$2:$H$247,6,FALSE) -> 28.22 | J22: =VLOOKUP(B22,[4]tas!$A$2:$H$247,7,FALSE) -> 28.35 | K22: 1.7425405e+10 | L22: 1.9673291e+10 | M22: 2.1482644e+10 | N22: =VLOOKUP(B22,[2]Data!$B$1:$G$267,4,FALSE) -> 1266.4271 | O22: =VLOOKUP(B22,[2]Data!$B$1:$G$267,5,FALSE) -> 1394.1778 | P22: =VLOOKUP(B22,[2]Data!$B$1:$G$267,6,FALSE) -> 1485.3802 | Q22: =VLOOKUP(B22,[5]Sheet1!$B$421:$K$628,10,FALSE) -> 0 | R22: =VLOOKUP(B22,[5]Sheet1!$B$213:$K$420,10,FALSE) -> 0 | S22: =VLOOKUP(B22,[5]Sheet1!$B$2:$K$207,10,FALSE) -> 0 | T22: =VLOOKUP(B22,[6]Sheet1!$B$421:$K$628,10,FALSE) -> 0 | U22: =VLOOKUP(B22,[6]Sheet1!$B$213:$K$420,10,FALSE) -> 0 | V22: =VLOOKUP(B22,[6]Sheet1!$B$2:$K$212,10,FALSE) -> 0 | W22: 0 | X22: 0 | Y22: 0 | Z22: 51.047824 | AA22: 42.120631 | AB22: 41.836267 | AC22: 41.55249 | AD22: 3.0625312 | AE22: 3.0878813 | AF22: 3.118147 | AG22: 122.02466 | AH22: 125.1422 | AI22: =VLOOKUP(B22,[7]all!$A$2:$I$247,6,FALSE) -> 61.06 | AJ22: =VLOOKUP(B22,[7]all!$A$2:$I$247,7,FALSE) -> 61.23 | AK22: =VLOOKUP(B22,[7]all!$A$2:$I$247,8,FALSE) -> 61.22
A23: Bermuda | B23: BMU | C23: None | D23: =VLOOKUP(B23,'[2]Metadata - Countries'!$A$1:$B$266,2,FALSE) -> North America | E23: =VLOOKUP(B23,'[2]Metadata - Countries'!$A$1:$C$266,3,FALSE) -> High income | G23: 99.941653 | H23: =VLOOKUP(B23,[4]tas!$A$2:$H$247,5,FALSE) -> 22.26 | I23: =VLOOKUP(B23,[4]tas!$A$2:$H$247,6,FALSE) -> 22.31 | J23: =VLOOKUP(B23,[4]tas!$A$2:$H$247,7,FALSE) -> 22.31 | K23: 7874381000 | L23: 8579242000 | M23: 8980200000 | N23: =VLOOKUP(B23,[2]Data!$B$1:$G$267,4,FALSE) -> 121613.94 | O23: =VLOOKUP(B23,[2]Data!$B$1:$G$267,5,FALSE) -> 132604.44 | P23: =VLOOKUP(B23,[2]Data!$B$1:$G$267,6,FALSE) -> 142855.37 | Q23: =VLOOKUP(B23,[5]Sheet1!$B$421:$K$628,10,FALSE) -> 7.24 | R23: =VLOOKUP(B23,[5]Sheet1!$B$213:$K$420,10,FALSE) -> 0 | S23: =VLOOKUP(B23,[5]Sheet1!$B$2:$K$207,10,FALSE) -> 0 | T23: =VLOOKUP(B23,[6]Sheet1!$B$421:$K$628,10,FALSE) -> 0 | U23: =VLOOKUP(B23,[6]Sheet1!$B$213:$K$420,10,FALSE) -> 6.09 | V23: =VLOOKUP(B23,[6]Sheet1!$B$2:$K$212,10,FALSE) -> 7.06 | W23: 0 | X23: 0 | Y23: 0 | Z23: 7.3360005 | AA23: 14.126968 | AB23: 13.878327 | AC23: 13.606863 | AD23: 20.141779 | AE23: 20.911775 | AF23: 21.743906 | AG23: 1199.0556 | AH23: 1198.1111 | AI23: =VLOOKUP(B23,[7]all!$A$2:$I$247,6,FALSE) -> 75.89 | AJ23: =VLOOKUP(B23,[7]all!$A$2:$I$247,7,FALSE) -> 75.76 | AK23: =VLOOKUP(B23,[7]all!$A$2:$I$247,8,FALSE) -> 75.9
A24: Bhutan | B24: BTN | C24: =VLOOKUP(B24,'[1]who-regions'!$B$1:$D$206,3,FALSE) -> SEAR | D24: =VLOOKUP(B24,'[2]Metadata - Countries'!$A$1:$B$266,2,FALSE) -> South Asia | E24: =VLOOKUP(B24,'[2]Metadata - Countries'!$A$1:$C$266,3,FALSE) -> Lower middle income | G24: 77.940074 | H24: =VLOOKUP(B24,[4]tas!$A$2:$H$247,5,FALSE) -> 10.07 | I24: =VLOOKUP(B24,[4]tas!$A$2:$H$247,6,FALSE) -> 10.13 | J24: =VLOOKUP(B24,[4]tas!$A$2:$H$247,7,FALSE) -> 10.22 | K24: 2.8982277e+09 | L24: 3.0192539e+09 | M24: 0 | N24: =VLOOKUP(B24,[2]Data!$B$1:$G$267,4,FALSE) -> 3711.3277 | O24: =VLOOKUP(B24,[2]Data!$B$1:$G$267,5,FALSE) -> 3831.3254 | P24: =VLOOKUP(B24,[2]Data!$B$1:$G$267,6,FALSE) -> 0 | Q24: =VLOOKUP(B24,[5]Sheet1!$B$421:$K$628,10,FALSE) -> 0 | R24: =VLOOKUP(B24,[5]Sheet1!$B$213:$K$420,10,FALSE) -> 0 | S24: =VLOOKUP(B24,[5]Sheet1!$B$2:$K$207,10,FALSE) -> 0 | T24: =VLOOKUP(B24,[6]Sheet1!$B$421:$K$628,10,FALSE) -> 70.85 | U24: =VLOOKUP(B24,[6]Sheet1!$B$213:$K$420,10,FALSE) -> 78.71 | V24: =VLOOKUP(B24,[6]Sheet1!$B$2:$K$212,10,FALSE) -> 80.15 | W24: 0 | X24: 0 | Y24: 0 | Z24: 23.945658 | AA24: 22.038904 | AB24: 21.461498 | AC24: 20.909397 | AD24: 6.2457542 | AE24: 6.3686998 | AF24: 6.4942399 | AG24: 20.474934 | AH24: 20.61838 | AI24: =VLOOKUP(B24,[7]all!$A$2:$I$247,6,FALSE) -> 81.56 | AJ24: =VLOOKUP(B24,[7]all!$A$2:$I$247,7,FALSE) -> 81.56 | AK24: =VLOOKUP(B24,[7]all!$A$2:$I$247,8,FALSE) -> 81.66
A25: Bolivia | B25: BOL | C25: =VLOOKUP(B25,'[1]who-regions'!$B$1:$D$206,3,FALSE) -> AMR | D25: =VLOOKUP(B25,'[2]Metadata - Countries'!$A$1:$B$266,2,FALSE) -> Latin America & Caribbean | E25: =VLOOKUP(B25,'[2]Metadata - Countries'!$A$1:$C$266,3,FALSE) -> Lower middle income | G25: 68.612563 | H25: =VLOOKUP(B25,[4]tas!$A$2:$H$247,5,FALSE) -> 21.41 | I25: =VLOOKUP(B25,[4]tas!$A$2:$H$247,6,FALSE) -> 21.44 | J25: =VLOOKUP(B25,[4]tas!$A$2:$H$247,7,FALSE) -> 21.52 | K25: 4.4008283e+10 | L25: 4.5135398e+10 | M25: 4.9668297e+10 | N25: =VLOOKUP(B25,[2]Data!$B$1:$G$267,4,FALSE) -> 4219.4611 | O25: =VLOOKUP(B25,[2]Data!$B$1:$G$267,5,FALSE) -> 4274.7082 | P25: =VLOOKUP(B25,[2]Data!$B$1:$G$267,6,FALSE) -> 4421.1661 | Q25: =VLOOKUP(B25,[5]Sheet1!$B$421:$K$628,10,FALSE) -> 0 | R25: =VLOOKUP(B25,[5]Sheet1!$B$213:$K$420,10,FALSE) -> 0 | S25: =VLOOKUP(B25,[5]Sheet1!$B$2:$K$207,10,FALSE) -> 0 | T25: =VLOOKUP(B25,[6]Sheet1!$B$421:$K$628,10,FALSE) -> 50.66 | U25: =VLOOKUP(B25,[6]Sheet1!$B$213:$K$420,10,FALSE) -> 55.15 | V25: =VLOOKUP(B25,[6]Sheet1!$B$2:$K$212,10,FALSE) -> 52.14 | W25: 96.872269 | X25: 0 | Y25: 0 | Z25: 22.879459 | AA25: 30.498526 | AB25: 30.1424 | AC25: 29.786564 | AD25: 5.4790806 | AE25: 5.5504667 | AF25: 5.6414745 | AG25: 11.148485 | AH25: 11.302648 | AI25: =VLOOKUP(B25,[7]all!$A$2:$I$247,6,FALSE) -> 66.03 | AJ25: =VLOOKUP(B25,[7]all!$A$2:$I$247,7,FALSE) -> 65.98 | AK25: =VLOOKUP(B25,[7]all!$A$2:$I$247,8,FALSE) -> 65.6
A26: Bosnia and Herzegovina | B26: BIH | C26: =VLOOKUP(B26,'[1]who-regions'!$B$1:$D$206,3,FALSE) -> EUR | D26: =VLOOKUP(B26,'[2]Metadata - Countries'!$A$1:$B$266,2,FALSE) -> Europe & Central Asia | E26: =VLOOKUP(B26,'[2]Metadata - Countries'!$A$1:$C$266,3,FALSE) -> Upper middle income | G26: 0 | H26: =VLOOKUP(B26,[4]tas!$A$2:$H$247,5,FALSE) -> 11 | I26: =VLOOKUP(B26,[4]tas!$A$2:$H$247,6,FALSE) -> 11.02 | J26: =VLOOKUP(B26,[4]tas!$A$2:$H$247,7,FALSE) -> 11.03 | K26: 2.4534664e+10 | L26: 2.7592361e+10 | M26: 2.8343394e+10 | N26: =VLOOKUP(B26,[2]Data!$B$1:$G$267,4,FALSE) -> 7655.5942 | O26: =VLOOKUP(B26,[2]Data!$B$1:$G$267,5,FALSE) -> 8663.0233 | P26: =VLOOKUP(B26,[2]Data!$B$1:$G$267,6,FALSE) -> 9358.7877 | Q26: =VLOOKUP(B26,[5]Sheet1!$B$421:$K$628,10,FALSE) -> 0 | R26: =VLOOKUP(B26,[5]Sheet1!$B$213:$K$420,10,FALSE) -> 0 | S26: =VLOOKUP(B26,[5]Sheet1!$B$2:$K$207,10,FALSE) -> 0 | T26: =VLOOKUP(B26,[6]Sheet1!$B$421:$K$628,10,FALSE) -> 4.8 | U26: =VLOOKUP(B26,[6]Sheet1!$B$213:$K$420,10,FALSE) -> 6.5 | V26: =VLOOKUP(B26,[6]Sheet1!$B$2:$K$212,10,FALSE) -> 0 | W26: 95.724907 | X26: 0 | Y26: 0 | Z26: 26.601953 | AA26: 13.376505 | AB26: 13.219917 | AC26: 13.037817 | AD26: 21.103269 | AE26: 21.642424 | AF26: 22.230239 | AG26: 62.593789 | AH26: 62.208457 | AI26: =VLOOKUP(B26,[7]all!$A$2:$I$247,6,FALSE) -> 74.62 | AJ26: =VLOOKUP(B26,[7]all!$A$2:$I$247,7,FALSE) -> 74.69 | AK26: =VLOOKUP(B26,[7]all!$A$2:$I$247,8,FALSE) -> 74.81
A27: Botswana | B27: BWA | C27: =VLOOKUP(B27,'[1]who-regions'!$B$1:$D$206,3,FALSE) -> AFR | D27: =VLOOKUP(B27,'[2]Metadata - Countries'!$A$1:$B$266,2,FALSE) -> Sub-Saharan Africa | E27: =VLOOKUP(B27,'[2]Metadata - Countries'!$A$1:$C$266,3,FALSE) -> Upper middle income | G27: 80.550817 | H27: =VLOOKUP(B27,[4]tas!$A$2:$H$247,5,FALSE) -> 23.05 | I27: =VLOOKUP(B27,[4]tas!$A$2:$H$247,6,FALSE) -> 23.08 | J27: =VLOOKUP(B27,[4]tas!$A$2:$H$247,7,FALSE) -> 23.02 | K27: 2.0321151e+10 | L27: 1.9411267e+10 | M27: 1.9400775e+10 | N27: =VLOOKUP(B27,[2]Data!$B$1:$G$267,4,FALSE) -> 8328.7091 | O27: =VLOOKUP(B27,[2]Data!$B$1:$G$267,5,FALSE) -> 7826.3538 | P27: =VLOOKUP(B27,[2]Data!$B$1:$G$267,6,FALSE) -> 7695.7532 | Q27: =VLOOKUP(B27,[5]Sheet1!$B$421:$K$628,10,FALSE) -> 0 | R27: =VLOOKUP(B27,[5]Sheet1!$B$213:$K$420,10,FALSE) -> 0 | S27: =VLOOKUP(B27,[5]Sheet1!$B$2:$K$207,10,FALSE) -> 0 | T27: =VLOOKUP(B27,[6]Sheet1!$B$421:$K$628,10,FALSE) -> 0 | U27: =VLOOKUP(B27,[6]Sheet1!$B$213:$K$420,10,FALSE) -> 0 | V27: =VLOOKUP(B27,[6]Sheet1!$B$2:$K$212,10,FALSE) -> 0 | W27: 0 | X27: 0 | Y27: 0 | Z27: 18.905755 | AA27: 32.423225 | AB27: 32.281253 | AC27: 32.129645 | AD27: 3.880152 | AE27: 3.9696691 | AF27: 4.0358941 | AG27: 4.3052106 | AH27: 4.376412 | AI27: =VLOOKUP(B27,[7]all!$A$2:$I$247,6,FALSE) -> 44.33 | AJ27: =VLOOKUP(B27,[7]all!$A$2:$I$247,7,FALSE) -> 44.16 | AK27: =VLOOKUP(B27,[7]all!$A$2:$I$247,8,FALSE) -> 44.71
A28: Brazil | B28: BRA | C28: =VLOOKUP(B28,'[1]who-regions'!$B$1:$D$206,3,FALSE) -> AMR | D28: =VLOOKUP(B28,'[2]Metadata - Countries'!$A$1:$B$266,2,FALSE) -> Latin America & Caribbean | E28: =VLOOKUP(B28,'[2]Metadata - Countries'!$A$1:$C$266,3,FALSE) -> Upper middle income | G28: 90.883499 | H28: =VLOOKUP(B28,[4]tas!$A$2:$H$247,5,FALSE) -> 26.04 | I28: =VLOOKUP(B28,[4]tas!$A$2:$H$247,6,FALSE) -> 26.06 | J28: =VLOOKUP(B28,[4]tas!$A$2:$H$247,7,FALSE) -> 26.1 | K28: 1.9519239e+12 | L28: 2.1911318e+12 | M28: 2.1794121e+12 | N28: =VLOOKUP(B28,[2]Data!$B$1:$G$267,4,FALSE) -> 9281.3328 | O28: =VLOOKUP(B28,[2]Data!$B$1:$G$267,5,FALSE) -> 10377.59 | P28: =VLOOKUP(B28,[2]Data!$B$1:$G$267,6,FALSE) -> 10310.549 | Q28: =VLOOKUP(B28,[5]Sheet1!$B$421:$K$628,10,FALSE) -> 0 | R28: =VLOOKUP(B28,[5]Sheet1!$B$213:$K$420,10,FALSE) -> 0 | S28: =VLOOKUP(B28,[5]Sheet1!$B$2:$K$207,10,FALSE) -> 0 | T28: =VLOOKUP(B28,[6]Sheet1!$B$421:$K$628,10,FALSE) -> 70.24 | U28: =VLOOKUP(B28,[6]Sheet1!$B$213:$K$420,10,FALSE) -> 63.3 | V28: =VLOOKUP(B28,[6]Sheet1!$B$2:$K$212,10,FALSE) -> 45.4 | W28: 0 | X28: 0 | Y28: 0 | Z28: 12.179325 | AA28: 20.202477 | AB28: 19.935952 | AC28: 19.66514 | AD28: 10.251785 | AE28: 10.633631 | AF28: 11.049184 | AG28: 25.161868 | AH28: 25.261688 | AI28: =VLOOKUP(B28,[7]all!$A$2:$I$247,6,FALSE) -> 72.82 | AJ28: =VLOOKUP(B28,[7]all!$A$2:$I$247,7,FALSE) -> 72.67 | AK28: =VLOOKUP(B28,[7]all!$A$2:$I$247,8,FALSE) -> 72.76
A29: British Virgin Islands | B29: VGB | C29: None | D29: =VLOOKUP(B29,'[2]Metadata - Countries'!$A$1:$B$266,2,FALSE) -> Latin America & Caribbean | E29: =VLOOKUP(B29,'[2]Metadata - Countries'!$A$1:$C$266,3,FALSE) -> High income | G29: 0 | H29: =VLOOKUP(B29,[4]tas!$A$2:$H$247,5,FALSE) -> 26.57 | I29: =VLOOKUP(B29,[4]tas!$A$2:$H$247,6,FALSE) -> 26.58 | J29: =VLOOKUP(B29,[4]tas!$A$2:$H$247,7,FALSE) -> 26.61 | K29: 0 | L29: 0 | M29: 0 | N29: =VLOOKUP(B29,[2]Data!$B$1:$G$267,4,FALSE) -> 0 | O29: =VLOOKUP(B29,[2]Data!$B$1:$G$267,5,FALSE) -> 0 | P29: =VLOOKUP(B29,[2]Data!$B$1:$G$267,6,FALSE) -> 0 | Q29: =VLOOKUP(B29,[5]Sheet1!$B$421:$K$628,10,FALSE) -> 0 | R29: =VLOOKUP(B29,[5]Sheet1!$B$213:$K$420,10,FALSE) -> 0 | S29: =VLOOKUP(B29,[5]Sheet1!$B$2:$K$207,10,FALSE) -> 0 | T29: =VLOOKUP(B29,[6]Sheet1!$B$421:$K$628,10,FALSE) -> 0 | U29: =VLOOKUP(B29,[6]Sheet1!$B$213:$K$420,10,FALSE) -> 0 | V29: =VLOOKUP(B29,[6]Sheet1!$B$2:$K$212,10,FALSE) -> 0 | W29: 0 | X29: 6.9237499 | Y29: 0 | Z29: 0 | AA29: 15.888985 | AB29: 15.139156 | AC29: 14.491652 | AD29: 8.8572249 | AE29: 9.2022573 | AF29: 9.6235211 | AG29: 255.46 | AH29: 259.9 | AI29: =VLOOKUP(B29,[7]all!$A$2:$I$247,6,FALSE) -> 80.09 | AJ29: =VLOOKUP(B29,[7]all!$A$2:$I$247,7,FALSE) -> 79.99 | AK29: =VLOOKUP(B29,[7]all!$A$2:$I$247,8,FALSE) -> 79.98
A30: Brunei Darussalam | B30: BRN | C30: =VLOOKUP(B30,'[1]who-regions'!$B$1:$D$206,3,FALSE) -> WPR | D30: =VLOOKUP(B30,'[2]Metadata - Countries'!$A$1:$B$266,2,FALSE) -> East Asia & Pacific | E30: =VLOOKUP(B30,'[2]Metadata - Countries'!$A$1:$C$266,3,FALSE) -> High income | G30: 99.480825 | H30: =VLOOKUP(B30,[4]tas!$A$2:$H$247,5,FALSE) -> 27.07 | I30: =VLOOKUP(B30,[4]tas!$A$2:$H$247,6,FALSE) -> 27.11 | J30: =VLOOKUP(B30,[4]tas!$A$2:$H$247,7,FALSE) -> 27.14 | K30: 1.6681536e+10 | L30: 1.5095085e+10 | M30: 1.5463134e+10 | N30: =VLOOKUP(B30,[2]Data!$B$1:$G$267,4,FALSE) -> 36632.928 | O30: =VLOOKUP(B30,[2]Data!$B$1:$G$267,5,FALSE) -> 32890.549 | P30: =VLOOKUP(B30,[2]Data!$B$1:$G$267,6,FALSE) -> 33153.474 | Q30: =VLOOKUP(B30,[5]Sheet1!$B$421:$K$628,10,FALSE) -> 0 | R30: =VLOOKUP(B30,[5]Sheet1!$B$213:$K$420,10,FALSE) -> 0 | S30: =VLOOKUP(B30,[5]Sheet1!$B$2:$K$207,10,FALSE) -> 0 | T30: =VLOOKUP(B30,[6]Sheet1!$B$421:$K$628,10,FALSE) -> 0 | U30: =VLOOKUP(B30,[6]Sheet1!$B$213:$K$420,10,FALSE) -> 0 | V30: =VLOOKUP(B30,[6]Sheet1!$B$2:$K$212,10,FALSE) -> 0 | W30: 0 | X30: 0 | Y30: 0 | Z30: 7.597265 | AA30: 21.181809 | AB30: 21.024363 | AC30: 20.82527 | AD30: 6.2017768 | AE30: 6.5110791 | AF30: 6.867846 | AG30: 86.40797 | AH30: 87.087097 | AI30: =VLOOKUP(B30,[7]all!$A$2:$I$247,6,FALSE) -> 83.43 | AJ30: =VLOOKUP(B30,[7]all!$A$2:$I$247,7,FALSE) -> 83.42 | AK30: =VLOOKUP(B30,[7]all!$A$2:$I$247,8,FALSE) -> 83.34
A31: Bulgaria | B31: BGR | C31: =VLOOKUP(B31,'[1]who-regions'!$B$1:$D$206,3,FALSE) -> EUR | D31: =VLOOKUP(B31,'[2]Metadata - Countries'!$A$1:$B$266,2,FALSE) -> Europe & Central Asia | E31: =VLOOKUP(B31,'[2]Metadata - Countries'!$A$1:$C$266,3,FALSE) -> High income | G31: 86.055863 | H31: =VLOOKUP(B31,[4]tas!$A$2:$H$247,5,FALSE) -> 12.38 | I31: =VLOOKUP(B31,[4]tas!$A$2:$H$247,6,FALSE) -> 12.38 | J31: =VLOOKUP(B31,[4]tas!$A$2:$H$247,7,FALSE) -> 12.41 | K31: 9.0509237e+10 | L31: 1.0239684e+11 | M31: 1.1221195e+11 | N31: =VLOOKUP(B31,[2]Data!$B$1:$G$267,4,FALSE) -> 13999.195 | O31: =VLOOKUP(B31,[2]Data!$B$1:$G$267,5,FALSE) -> 15853.209 | P31: =VLOOKUP(B31,[2]Data!$B$1:$G$267,6,FALSE) -> 17596.017 | Q31: =VLOOKUP(B31,[5]Sheet1!$B$421:$K$628,10,FALSE) -> 0 | R31: =VLOOKUP(B31,[5]Sheet1!$B$213:$K$420,10,FALSE) -> 0 | S31: =VLOOKUP(B31,[5]Sheet1!$B$2:$K$207,10,FALSE) -> 0 | T31: =VLOOKUP(B31,[6]Sheet1!$B$421:$K$628,10,FALSE) -> 0 | U31: =VLOOKUP(B31,[6]Sheet1!$B$213:$K$420,10,FALSE) -> 18.94 | V31: =VLOOKUP(B31,[6]Sheet1!$B$2:$K$212,10,FALSE) -> 21.5 | W31: 98.967499 | X31: 0 | Y31: 0 | Z31: 17.147424 | AA31: 14.539229 | AB31: 14.538201 | AC31: 14.474461 | AD31: 21.697297 | AE31: 21.832438 | AF31: 22.030336 | AG31: 59.553215 | AH31: 59.382793 | AI31: =VLOOKUP(B31,[7]all!$A$2:$I$247,6,FALSE) -> 72.19 | AJ31: =VLOOKUP(B31,[7]all!$A$2:$I$247,7,FALSE) -> 72.49 | AK31: =VLOOKUP(B31,[7]all!$A$2:$I$247,8,FALSE) -> 72.8 | AL31: 6397
A32: Burkina Faso | B32: BFA | C32: =VLOOKUP(B32,'[1]who-regions'!$B$1:$D$206,3,FALSE) -> AFR | D32: =VLOOKUP(B32,'[2]Metadata - Countries'!$A$1:$B$266,2,FALSE) -> Sub-Saharan Africa | E32: =VLOOKUP(B32,'[2]Metadata - Countries'!$A$1:$C$266,3,FALSE) -> Low income | G32: 24.756494 | H32: =VLOOKUP(B32,[4]tas!$A$2:$H$247,5,FALSE) -> 29.17 | I32: =VLOOKUP(B32,[4]tas!$A$2:$H$247,6,FALSE) -> 29.13 | J32: =VLOOKUP(B32,[4]tas!$A$2:$H$247,7,FALSE) -> 29.31 | K32: 1.8820219e+10 | L32: 2.0324618e+10 | M32: 2.3250215e+10 | N32: =VLOOKUP(B32,[2]Data!$B$1:$G$267,4,FALSE) -> 827.33084 | O32: =VLOOKUP(B32,[2]Data!$B$1:$G$267,5,FALSE) -> 873.48259 | P32: =VLOOKUP(B32,[2]Data!$B$1:$G$267,6,FALSE) -> 981.99265 | Q32: =VLOOKUP(B32,[5]Sheet1!$B$421:$K$628,10,FALSE) -> 0 | R32: =VLOOKUP(B32,[5]Sheet1!$B$213:$K$420,10,FALSE) -> 0 | S32: =VLOOKUP(B32,[5]Sheet1!$B$2:$K$207,10,FALSE) -> 0 | T32: =VLOOKUP(B32,[6]Sheet1!$B$421:$K$628,10,FALSE) -> 0 | U32: =VLOOKUP(B32,[6]Sheet1!$B$213:$K$420,10,FALSE) -> 0 | V32: =VLOOKUP(B32,[6]Sheet1!$B$2:$K$212,10,FALSE) -> 0 | W32: 31.028971 | X32: 0 | Y32: 0 | Z32: 58.470676 | AA32: 42.968317 | AB32: 42.401251 | AC32: 41.80203 | AD32: 2.5946555 | AE32: 2.620713 | AF32: 2.6517721 | AG32: 82.269876 | AH32: 84.158538 | AI32: =VLOOKUP(B32,[7]all!$A$2:$I$247,6,FALSE) -> 47.58 | AJ32: =VLOOKUP(B32,[7]all!$A$2:$I$247,7,FALSE) -> 47.64 | AK32: =VLOOKUP(B32,[7]all!$A$2:$I$247,8,FALSE) -> 47.65
A33: Burundi | B33: BDI | C33: =VLOOKUP(B33,'[1]who-regions'!$B$1:$D$206,3,FALSE) -> AFR | D33: =VLOOKUP(B33,'[2]Metadata - Countries'!$A$1:$B$266,2,FALSE) -> Sub-Saharan Africa | E33: =VLOOKUP(B33,'[2]Metadata - Countries'!$A$1:$C$266,3,FALSE) -> Low income | G33: 45.690685 | H33: =VLOOKUP(B33,[4]tas!$A$2:$H$247,5,FALSE) -> 21.1 | I33: =VLOOKUP(B33,[4]tas!$A$2:$H$247,6,FALSE) -> 21.11 | J33: =VLOOKUP(B33,[4]tas!$A$2:$H$247,7,FALSE) -> 21.21 | K33: 3.3387228e+09 | L33: 2.6293916e+09 | M33: 2.1623788e+09 | N33: =VLOOKUP(B33,[2]Data!$B$1:$G$267,4,FALSE) -> 302.99251 | O33: =VLOOKUP(B33,[2]Data!$B$1:$G$267,5,FALSE) -> 250.62725 | P33: =VLOOKUP(B33,[2]Data!$B$1:$G$267,6,FALSE) -> 219.42483 | Q33: =VLOOKUP(B33,[5]Sheet1!$B$421:$K$628,10,FALSE) -> 0 | R33: =VLOOKUP(B33,[5]Sheet1!$B$213:$K$420,10,FALSE) -> 0 | S33: =VLOOKUP(B33,[5]Sheet1!$B$2:$K$207,10,FALSE) -> 0 | T33: =VLOOKUP(B33,[6]Sheet1!$B$421:$K$628,10,FALSE) -> 0 | U33: =VLOOKUP(B33,[6]Sheet1!$B$213:$K$420,10,FALSE) -> 0 | V33: =VLOOKUP(B33,[6]Sheet1!$B$2:$K$212,10,FALSE) -> 0 | W33: 0 | X33: 0 | Y33: 0 | Z33: 29.654135 | AA33: 45.988891 | AB33: 45.364742 | AC33: 44.698901 | AD33: 2.48585 | AE33: 2.5102945 | AF33: 2.5318047 | AG33: 518.73431 | AH33: 533.07827 | AI33: =VLOOKUP(B33,[7]all!$A$2:$I$247,6,FALSE) -> 69.13 | AJ33: =VLOOKUP(B33,[7]all!$A$2:$I$247,7,FALSE) -> 69.08 | AK33: =VLOOKUP(B33,[7]all!$A$2:$I$247,8,FALSE) -> 68.84
A34: Cabo Verde | B34: CPV | C34: =VLOOKUP(B34,'[1]who-regions'!$B$1:$D$206,3,FALSE) -> AFR | D34: =VLOOKUP(B34,'[2]Metadata - Countries'!$A$1:$B$266,2,FALSE) -> Sub-Saharan Africa | E34: =VLOOKUP(B34,'[2]Metadata - Countries'!$A$1:$C$266,3,FALSE) -> Upper middle income | G34: 83.045303 | H34: =VLOOKUP(B34,[4]tas!$A$2:$H$247,5,FALSE) -> 23.71 | I34: =VLOOKUP(B34,[4]tas!$A$2:$H$247,6,FALSE) -> 23.64 | J34: =VLOOKUP(B34,[4]tas!$A$2:$H$247,7,FALSE) -> 23.68 | K34: 2.2470033e+09 | L34: 2.5392034e+09 | M34: 2.767599e+09 | N34: =VLOOKUP(B34,[2]Data!$B$1:$G$267,4,FALSE) -> 4323.3136 | O34: =VLOOKUP(B34,[2]Data!$B$1:$G$267,5,FALSE) -> 4794.9012 | P34: =VLOOKUP(B34,[2]Data!$B$1:$G$267,6,FALSE) -> 5192.4816 | Q34: =VLOOKUP(B34,[5]Sheet1!$B$421:$K$628,10,FALSE) -> 0 | R34: =VLOOKUP(B34,[5]Sheet1!$B$213:$K$420,10,FALSE) -> 0 | S34: =VLOOKUP(B34,[5]Sheet1!$B$2:$K$207,10,FALSE) -> 0 | T34: =VLOOKUP(B34,[6]Sheet1!$B$421:$K$628,10,FALSE) -> 0 | U34: =VLOOKUP(B34,[6]Sheet1!$B$213:$K$420,10,FALSE) -> 0 | V34: =VLOOKUP(B34,[6]Sheet1!$B$2:$K$212,10,FALSE) -> 0 | W34: 0 | X34: 0 | Y34: 0 | Z34: 42.322522 | AA34: 27.174593 | AB34: 26.370851 | AC34: 25.547319 | AD34: 6.3287291 | AE34: 6.579455 | AF34: 6.8581782 | AG34: 128.96799 | AH34: 129.61067 | AI34: =VLOOKUP(B34,[7]all!$A$2:$I$247,6,FALSE) -> 78.58 | AJ34: =VLOOKUP(B34,[7]all!$A$2:$I$247,7,FALSE) -> 78.66 | AK34: =VLOOKUP(B34,[7]all!$A$2:$I$247,8,FALSE) -> 78.59
A35: Cambodia | B35: KHM | C35: =VLOOKUP(B35,'[1]who-regions'!$B$1:$D$206,3,FALSE) -> WPR | D35: =VLOOKUP(B35,'[2]Metadata - Countries'!$A$1:$B$266,2,FALSE) -> East Asia & Pacific | E35: =VLOOKUP(B35,'[2]Metadata - Countries'!$A$1:$C$266,3,FALSE) -> Lower middle income | G35: 76.719418 | H35: =VLOOKUP(B35,[4]tas!$A$2:$H$247,5,FALSE) -> 28.19 | I35: =VLOOKUP(B35,[4]tas!$A$2:$H$247,6,FALSE) -> 28.22 | J35: =VLOOKUP(B35,[4]tas!$A$2:$H$247,7,FALSE) -> 28.21 | K35: 3.9994533e+10 | L35: 4.2335647e+10 | M35: 4.6352647e+10 | N35: =VLOOKUP(B35,[2]Data!$B$1:$G$267,4,FALSE) -> 2325.0305 | O35: =VLOOKUP(B35,[2]Data!$B$1:$G$267,5,FALSE) -> 2429.7485 | P35: =VLOOKUP(B35,[2]Data!$B$1:$G$267,6,FALSE) -> 2627.8797 | Q35: =VLOOKUP(B35,[5]Sheet1!$B$421:$K$628,10,FALSE) -> 0 | R35: =VLOOKUP(B35,[5]Sheet1!$B$213:$K$420,10,FALSE) -> 0 | S35: =VLOOKUP(B35,[5]Sheet1!$B$2:$K$207,10,FALSE) -> 0 | T35: =VLOOKUP(B35,[6]Sheet1!$B$421:$K$628,10,FALSE) -> 0 | U35: =VLOOKUP(B35,[6]Sheet1!$B$213:$K$420,10,FALSE) -> 0 | V35: =VLOOKUP(B35,[6]Sheet1!$B$2:$K$212,10,FALSE) -> 0 | W35: 0 | X35: 0 | Y35: 0 | Z35: 24.143602 | AA35: 30.454416 | AB35: 30.110557 | AC35: 29.793146 | AD35: 5.7669541 | AE35: 5.9611864 | AF35: 6.1637043 | AG35: 97.44915 | AH35: 98.707682 | AI35: =VLOOKUP(B35,[7]all!$A$2:$I$247,6,FALSE) -> 72.33 | AJ35: =VLOOKUP(B35,[7]all!$A$2:$I$247,7,FALSE) -> 72.38 | AK35: =VLOOKUP(B35,[7]all!$A$2:$I$247,8,FALSE) -> 72.43 | AL35: 13934
A36: Cameroon | B36: CMR | C36: =VLOOKUP(B36,'[1]who-regions'!$B$1:$D$206,3,FALSE) -> AFR | D36: =VLOOKUP(B36,'[2]Metadata - Countries'!$A$1:$B$266,2,FALSE) -> Sub-Saharan Africa | E36: =VLOOKUP(B36,'[2]Metadata - Countries'!$A$1:$C$266,3,FALSE) -> Lower middle income | G36: 43.119165 | H36: =VLOOKUP(B36,[4]tas!$A$2:$H$247,5,FALSE) -> 25.43 | I36: =VLOOKUP(B36,[4]tas!$A$2:$H$247,6,FALSE) -> 25.44 | J36: =VLOOKUP(B36,[4]tas!$A$2:$H$247,7,FALSE) -> 25.51 | K36: 4.4347206e+10 | L36: 4.9279411e+10 | M36: 5.1326765e+10 | N36: =VLOOKUP(B36,[2]Data!$B$1:$G$267,4,FALSE) -> 1604.8773 | O36: =VLOOKUP(B36,[2]Data!$B$1:$G$267,5,FALSE) -> 1720.4751 | P36: =VLOOKUP(B36,[2]Data!$B$1:$G$267,6,FALSE) -> 1830.0083 | Q36: =VLOOKUP(B36,[5]Sheet1!$B$421:$K$628,10,FALSE) -> 0 | R36: =VLOOKUP(B36,[5]Sheet1!$B$213:$K$420,10,FALSE) -> 0 | S36: =VLOOKUP(B36,[5]Sheet1!$B$2:$K$207,10,FALSE) -> 0 | T36: =VLOOKUP(B36,[6]Sheet1!$B$421:$K$628,10,FALSE) -> 0 | U36: =VLOOKUP(B36,[6]Sheet1!$B$213:$K$420,10,FALSE) -> 0 | V36: =VLOOKUP(B36,[6]Sheet1!$B$2:$K$212,10,FALSE) -> 0 | W36: 65.963402 | X36: 61.849499 | Y36: 0 | Z36: 39.812625 | AA36: 42.058201 | AB36: 41.760555 | AC36: 41.442227 | AD36: 2.763172 | AE36: 2.7748394 | AF36: 2.7947987 | AG36: 58.456075 | AH36: 60.021339 | AI36: =VLOOKUP(B36,[7]all!$A$2:$I$247,6,FALSE) -> 69.94 | AJ36: =VLOOKUP(B36,[7]all!$A$2:$I$247,7,FALSE) -> 69.87 | AK36: =VLOOKUP(B36,[7]all!$A$2:$I$247,8,FALSE) -> 69.94
A37: Canada | B37: CAN | C37: =VLOOKUP(B37,'[1]who-regions'!$B$1:$D$206,3,FALSE) -> AMR | D37: =VLOOKUP(B37,'[2]Metadata - Countries'!$A$1:$B$266,2,FALSE) -> North America | E37: =VLOOKUP(B37,'[2]Metadata - Countries'!$A$1:$C$266,3,FALSE) -> High income | G37: 98.588358 | H37: =VLOOKUP(B37,[4]tas!$A$2:$H$247,5,FALSE) -> -2.41 | I37: =VLOOKUP(B37,[4]tas!$A$2:$H$247,6,FALSE) -> -2.32 | J37: =VLOOKUP(B37,[4]tas!$A$2:$H$247,7,FALSE) -> -2.19 | K37: 2.1904111e+12 | L37: 2.1733397e+12 | M37: 2.2412532e+12 | N37: =VLOOKUP(B37,[2]Data!$B$1:$G$267,4,FALSE) -> 56256.801 | O37: =VLOOKUP(B37,[2]Data!$B$1:$G$267,5,FALSE) -> 54220.329 | P37: =VLOOKUP(B37,[2]Data!$B$1:$G$267,6,FALSE) -> 54340.348 | Q37: =VLOOKUP(B37,[5]Sheet1!$B$421:$K$628,10,FALSE) -> 0 | R37: =VLOOKUP(B37,[5]Sheet1!$B$213:$K$420,10,FALSE) -> 0 | S37: =VLOOKUP(B37,[5]Sheet1!$B$2:$K$207,10,FALSE) -> 0 | T37: =VLOOKUP(B37,[6]Sheet1!$B$421:$K$628,10,FALSE) -> 71 | U37: =VLOOKUP(B37,[6]Sheet1!$B$213:$K$420,10,FALSE) -> 73.7 | V37: =VLOOKUP(B37,[6]Sheet1!$B$2:$K$212,10,FALSE) -> 73.7 | W37: 0 | X37: 0 | Y37: 0 | Z37: 6.5656699 | AA37: 15.547908 | AB37: 15.304543 | AC37: 15.111321 | AD37: 18.940747 | AE37: 19.358119 | AF37: 19.799591 | AG37: 4.4302268 | AH37: 4.5607978 | AI37: =VLOOKUP(B37,[7]all!$A$2:$I$247,6,FALSE) -> 72.52 | AJ37: =VLOOKUP(B37,[7]all!$A$2:$I$247,7,FALSE) -> 72.46 | AK37: =VLOOKUP(B37,[7]all!$A$2:$I$247,8,FALSE) -> 72.4 | AL37: 258830.5
A38: Cayman Islands | B38: CYM | C38: =VLOOKUP(B38,'[1]who-regions'!$B$1:$D$206,3,FALSE) -> AMR | D38: =VLOOKUP(B38,'[2]Metadata - Countries'!$A$1:$B$266,2,FALSE) -> Latin America & Caribbean | E38: =VLOOKUP(B38,'[2]Metadata - Countries'!$A$1:$C$266,3,FALSE) -> High income | G38: 83.266288 | H38: =VLOOKUP(B38,[4]tas!$A$2:$H$247,5,FALSE) -> 27.15 | I38: =VLOOKUP(B38,[4]tas!$A$2:$H$247,6,FALSE) -> 27.15 | J38: =VLOOKUP(B38,[4]tas!$A$2:$H$247,7,FALSE) -> 27.18 | K38: 6.600844e+09 | L38: 7.1394286e+09 | M38: 0 | N38: =VLOOKUP(B38,[2]Data!$B$1:$G$267,4,FALSE) -> 93030.705 | O38: =VLOOKUP(B38,[2]Data!$B$1:$G$267,5,FALSE) -> 99143.518 | P38: =VLOOKUP(B38,[2]Data!$B$1:$G$267,6,FALSE) -> 0 | Q38: =VLOOKUP(B38,[5]Sheet1!$B$421:$K$628,10,FALSE) -> 0 | R38: =VLOOKUP(B38,[5]Sheet1!$B$213:$K$420,10,FALSE) -> 0 | S38: =VLOOKUP(B38,[5]Sheet1!$B$2:$K$207,10,FALSE) -> 0 | T38: =VLOOKUP(B38,[6]Sheet1!$B$421:$K$628,10,FALSE) -> 0 | U38: =VLOOKUP(B38,[6]Sheet1!$B$213:$K$420,10,FALSE) -> 0 | V38: =VLOOKUP(B38,[6]Sheet1!$B$2:$K$212,10,FALSE) -> 0 | W38: 0 | X38: 85.285263 | Y38: 0 | Z38: 0 | AA38: 16.355294 | AB38: 16.294258 | AC38: 16.187758 | AD38: 8.1378376 | AE38: 8.5414442 | AF38: 8.9977504 | AG38: 298.29583 | AH38: 304.325 | AI38: =VLOOKUP(B38,[7]all!$A$2:$I$247,6,FALSE) -> 79.27 | AJ38: =VLOOKUP(B38,[7]all!$A$2:$I$247,7,FALSE) -> 79.38 | AK38: =VLOOKUP(B38,[7]all!$A$2:$I$247,8,FALSE) -> 79.39
A39: Central African Republic | B39: CAF | C39: =VLOOKUP(B39,'[1]who-regions'!$B$1:$D$206,3,FALSE) -> AFR | D39: =VLOOKUP(B39,'[2]Metadata - Countries'!$A$1:$B$266,2,FALSE) -> Sub-Saharan Africa | E39: =VLOOKUP(B39,'[2]Metadata - Countries'!$A$1:$C$266,3,FALSE) -> Low income | G39: 13.846294 | H39: =VLOOKUP(B39,[4]tas!$A$2:$H$247,5,FALSE) -> 26.69 | I39: =VLOOKUP(B39,[4]tas!$A$2:$H$247,6,FALSE) -> 26.7 | J39: =VLOOKUP(B39,[4]tas!$A$2:$H$247,7,FALSE) -> 26.83 | K39: 2.3826186e+09 | L39: 2.5554921e+09 | M39: 2.7515445e+09 | N39: =VLOOKUP(B39,[2]Data!$B$1:$G$267,4,FALSE) -> 467.35983 | O39: =VLOOKUP(B39,[2]Data!$B$1:$G$267,5,FALSE) -> 495.9789 | P39: =VLOOKUP(B39,[2]Data!$B$1:$G$267,6,FALSE) -> 516.161 | Q39: =VLOOKUP(B39,[5]Sheet1!$B$421:$K$628,10,FALSE) -> 0 | R39: =VLOOKUP(B39,[5]Sheet1!$B$213:$K$420,10,FALSE) -> 0 | S39: =VLOOKUP(B39,[5]Sheet1!$B$2:$K$207,10,FALSE) -> 0 | T39: =VLOOKUP(B39,[6]Sheet1!$B$421:$K$628,10,FALSE) -> 0 | U39: =VLOOKUP(B39,[6]Sheet1!$B$213:$K$420,10,FALSE) -> 0 | V39: =VLOOKUP(B39,[6]Sheet1!$B$2:$K$212,10,FALSE) -> 0 | W39: 0 | X39: 0 | Y39: 0 | Z39: 34.433418 | AA39: 49.215233 | AB39: 49.166445 | AC39: 49.003361 | AD39: 2.1436966 | AE39: 2.0952774 | AF39: 2.1510726 | AG39: 8.1833109 | AH39: 8.2706042 | AI39: =VLOOKUP(B39,[7]all!$A$2:$I$247,6,FALSE) -> 64.74 | AJ39: =VLOOKUP(B39,[7]all!$A$2:$I$247,7,FALSE) -> 64.63 | AK39: =VLOOKUP(B39,[7]all!$A$2:$I$247,8,FALSE) -> 64.54
A40: Chad | B40: TCD | C40: =VLOOKUP(B40,'[1]who-regions'!$B$1:$D$206,3,FALSE) -> AFR | D40: =VLOOKUP(B40,'[2]Metadata - Countries'!$A$1:$B$266,2,FALSE) -> Sub-Saharan Africa | E40: =VLOOKUP(B40,'[2]Metadata - Countries'!$A$1:$C$266,3,FALSE) -> Low income | G40: 12.922066 | H40: =VLOOKUP(B40,[4]tas!$A$2:$H$247,5,FALSE) -> 27.7 | I40: =VLOOKUP(B40,[4]tas!$A$2:$H$247,6,FALSE) -> 27.65 | J40: =VLOOKUP(B40,[4]tas!$A$2:$H$247,7,FALSE) -> 27.83 | K40: 1.7828508e+10 | L40: 1.9107685e+10 | M40: 2.0625712e+10 | N40: =VLOOKUP(B40,[2]Data!$B$1:$G$267,4,FALSE) -> 966.03647 | O40: =VLOOKUP(B40,[2]Data!$B$1:$G$267,5,FALSE) -> 949.33345 | P40: =VLOOKUP(B40,[2]Data!$B$1:$G$267,6,FALSE) -> 961.55976 | Q40: =VLOOKUP(B40,[5]Sheet1!$B$421:$K$628,10,FALSE) -> 0 | R40: =VLOOKUP(B40,[5]Sheet1!$B$213:$K$420,10,FALSE) -> 0 | S40: =VLOOKUP(B40,[5]Sheet1!$B$2:$K$207,10,FALSE) -> 0 | T40: =VLOOKUP(B40,[6]Sheet1!$B$421:$K$628,10,FALSE) -> 0 | U40: =VLOOKUP(B40,[6]Sheet1!$B$213:$K$420,10,FALSE) -> 0 | V40: =VLOOKUP(B40,[6]Sheet1!$B$2:$K$212,10,FALSE) -> 0 | W40: 0 | X40: 0 | Y40: 0 | Z40: 49.138848 | AA40: 47.403703 | AB40: 46.737174 | AC40: 46.064628 | AD40: 2.0555108 | AE40: 2.0747744 | AF40: 2.1005366 | AG40: 14.656382 | AH40: 15.342332 | AI40: =VLOOKUP(B40,[7]all!$A$2:$I$247,6,FALSE) -> 32.2 | AJ40: =VLOOKUP(B40,[7]all!$A$2:$I$247,7,FALSE) -> 32.02 | AK40: =VLOOKUP(B40,[7]all!$A$2:$I$247,8,FALSE) -> 32.17
A41: Channel Islands | B41: CHI | C41: None | D41: =VLOOKUP(B41,'[2]Metadata - Countries'!$A$1:$B$266,2,FALSE) -> Europe & Central Asia | E41: =VLOOKUP(B41,'[2]Metadata - Countries'!$A$1:$C$266,3,FALSE) -> High income | G41: 0 | H41: =VLOOKUP(B41,[4]tas!$A$2:$H$247,5,FALSE) -> #N/A | I41: =VLOOKUP(B41,[4]tas!$A$2:$H$247,6,FALSE) -> #N/A | J41: =VLOOKUP(B41,[4]tas!$A$2:$H$247,7,FALSE) -> #N/A | K41: 1.13083e+10 | L41: 1.2507927e+10 | M41: 0 | N41: =VLOOKUP(B41,[2]Data!$B$1:$G$267,4,FALSE) -> 67627.142 | O41: =VLOOKUP(B41,[2]Data!$B$1:$G$267,5,FALSE) -> 74585.522 | P41: =VLOOKUP(B41,[2]Data!$B$1:$G$267,6,FALSE) -> 0 | Q41: =VLOOKUP(B41,[5]Sheet1!$B$421:$K$628,10,FALSE) -> #N/A | R41: =VLOOKUP(B41,[5]Sheet1!$B$213:$K$420,10,FALSE) -> #N/A | S41: =VLOOKUP(B41,[5]Sheet1!$B$2:$K$207,10,FALSE) -> #N/A | T41: =VLOOKUP(B41,[6]Sheet1!$B$421:$K$628,10,FALSE) -> #N/A | U41: =VLOOKUP(B41,[6]Sheet1!$B$213:$K$420,10,FALSE) -> #N/A | V41: =VLOOKUP(B41,[6]Sheet1!$B$2:$K$212,10,FALSE) -> #N/A | W41: 0 | X41: 0 | Y41: 0 | Z41: 0 | AA41: 14.610743 | AB41: 14.396377 | AC41: 14.203973 | AD41: 19.343544 | AE41: 19.664384 | AF41: 20.029978 | AG41: 0 | AH41: 0 | AI41: =VLOOKUP(B41,[7]all!$A$2:$I$247,6,FALSE) -> #N/A | AJ41: =VLOOKUP(B41,[7]all!$A$2:$I$247,7,FALSE) -> #N/A | AK41: =VLOOKUP(B41,[7]all!$A$2:$I$247,8,FALSE) -> #N/A
A42: Chile | B42: CHL | C42: =VLOOKUP(B42,'[1]who-regions'!$B$1:$D$206,3,FALSE) -> AMR | D42: =VLOOKUP(B42,'[2]Metadata - Countries'!$A$1:$B$266,2,FALSE) -> Latin America & Caribbean | E42: =VLOOKUP(B42,'[2]Metadata - Countries'!$A$1:$C$266,3,FALSE) -> High income | G42: 99.999998 | H42: =VLOOKUP(B42,[4]tas!$A$2:$H$247,5,FALSE) -> 9.57 | I42: =VLOOKUP(B42,[4]tas!$A$2:$H$247,6,FALSE) -> 9.62 | J42: =VLOOKUP(B42,[4]tas!$A$2:$H$247,7,FALSE) -> 9.7 | K42: 3.0122658e+11 | L42: 3.3551805e+11 | M42: 3.3026714e+11 | N42: =VLOOKUP(B42,[2]Data!$B$1:$G$267,4,FALSE) -> 15405.617 | O42: =VLOOKUP(B42,[2]Data!$B$1:$G$267,5,FALSE) -> 17067.036 | P42: =VLOOKUP(B42,[2]Data!$B$1:$G$267,6,FALSE) -> 16709.889 | Q42: =VLOOKUP(B42,[5]Sheet1!$B$421:$K$628,10,FALSE) -> 0 | R42: =VLOOKUP(B42,[5]Sheet1!$B$213:$K$420,10,FALSE) -> 0 | S42: =VLOOKUP(B42,[5]Sheet1!$B$2:$K$207,10,FALSE) -> 0 | T42: =VLOOKUP(B42,[6]Sheet1!$B$421:$K$628,10,FALSE) -> 70.26 | U42: =VLOOKUP(B42,[6]Sheet1!$B$213:$K$420,10,FALSE) -> 65.1 | V42: =VLOOKUP(B42,[6]Sheet1!$B$2:$K$212,10,FALSE) -> 65.02 | W42: 98.745956 | X42: 0 | Y42: 0 | Z42: 23.275067 | AA42: 17.757556 | AB42: 17.384339 | AC42: 16.966164 | AD42: 13.30008 | AE42: 13.693319 | AF42: 14.135086 | AG42: 26.322298 | AH42: 26.464725 | AI42: =VLOOKUP(B42,[7]all!$A$2:$I$247,6,FALSE) -> 63.18 | AJ42: =VLOOKUP(B42,[7]all!$A$2:$I$247,7,FALSE) -> 63.24 | AK42: =VLOOKUP(B42,[7]all!$A$2:$I$247,8,FALSE) -> 63.13 | AL42: 85879.401
A43: China | B43: CHN | C43: =VLOOKUP(B43,'[1]who-regions'!$B$1:$D$206,3,FALSE) -> WPR | D43: =VLOOKUP(B43,'[2]Metadata - Countries'!$A$1:$B$266,2,FALSE) -> East Asia & Pacific | E43: =VLOOKUP(B43,'[2]Metadata - Countries'!$A$1:$C$266,3,FALSE) -> Upper middle income | G43: 95.892361 | H43: =VLOOKUP(B43,[4]tas!$A$2:$H$247,5,FALSE) -> 7.77 | I43: =VLOOKUP(B43,[4]tas!$A$2:$H$247,6,FALSE) -> 7.86 | J43: =VLOOKUP(B43,[4]tas!$A$2:$H$247,7,FALSE) -> 7.87 | K43: 1.8316765e+13 | L43: 1.8270357e+13 | M43: 1.8743803e+13 | N43: =VLOOKUP(B43,[2]Data!$B$1:$G$267,4,FALSE) -> 12970.606 | O43: =VLOOKUP(B43,[2]Data!$B$1:$G$267,5,FALSE) -> 12951.178 | P43: =VLOOKUP(B43,[2]Data!$B$1:$G$267,6,FALSE) -> 13303.148 | Q43: =VLOOKUP(B43,[5]Sheet1!$B$421:$K$628,10,FALSE) -> 0 | R43: =VLOOKUP(B43,[5]Sheet1!$B$213:$K$420,10,FALSE) -> 0 | S43: =VLOOKUP(B43,[5]Sheet1!$B$2:$K$207,10,FALSE) -> 0 | T43: =VLOOKUP(B43,[6]Sheet1!$B$421:$K$628,10,FALSE) -> 0 | U43: =VLOOKUP(B43,[6]Sheet1!$B$213:$K$420,10,FALSE) -> 0 | V43: =VLOOKUP(B43,[6]Sheet1!$B$2:$K$212,10,FALSE) -> 0 | W43: 0 | X43: 0 | Y43: 0 | Z43: 34.810524 | AA43: 17.1218 | AB43: 16.589611 | AC43: 16.007812 | AD43: 13.78193 | AE43: 14.316077 | AF43: 14.665269 | AG43: 150.42005 | AH43: 150.264 | AI43: =VLOOKUP(B43,[7]all!$A$2:$I$247,6,FALSE) -> 60.58 | AJ43: =VLOOKUP(B43,[7]all!$A$2:$I$247,7,FALSE) -> 60.49 | AK43: =VLOOKUP(B43,[7]all!$A$2:$I$247,8,FALSE) -> 60.57 | AL43: 2530000
A44: Colombia | B44: COL | C44: =VLOOKUP(B44,'[1]who-regions'!$B$1:$D$206,3,FALSE) -> AMR | D44: =VLOOKUP(B44,'[2]Metadata - Countries'!$A$1:$B$266,2,FALSE) -> Latin America & Caribbean | E44: =VLOOKUP(B44,'[2]Metadata - Countries'!$A$1:$C$266,3,FALSE) -> Upper middle income | G44: 94.730978 | H44: =VLOOKUP(B44,[4]tas!$A$2:$H$247,5,FALSE) -> 24.95 | I44: =VLOOKUP(B44,[4]tas!$A$2:$H$247,6,FALSE) -> 24.97 | J44: =VLOOKUP(B44,[4]tas!$A$2:$H$247,7,FALSE) -> 25.04 | K44: 3.4563249e+11 | L44: 3.6629184e+11 | M44: 4.1854204e+11 | N44: =VLOOKUP(B44,[2]Data!$B$1:$G$267,4,FALSE) -> 6680.4451 | O44: =VLOOKUP(B44,[2]Data!$B$1:$G$267,5,FALSE) -> 7000.8366 | P44: =VLOOKUP(B44,[2]Data!$B$1:$G$267,6,FALSE) -> 7919.2089 | Q44: =VLOOKUP(B44,[5]Sheet1!$B$421:$K$628,10,FALSE) -> 0 | R44: =VLOOKUP(B44,[5]Sheet1!$B$213:$K$420,10,FALSE) -> 0 | S44: =VLOOKUP(B44,[5]Sheet1!$B$2:$K$207,10,FALSE) -> 0 | T44: =VLOOKUP(B44,[6]Sheet1!$B$421:$K$628,10,FALSE) -> 70.86 | U44: =VLOOKUP(B44,[6]Sheet1!$B$213:$K$420,10,FALSE) -> 88.7 | V44: =VLOOKUP(B44,[6]Sheet1!$B$2:$K$212,10,FALSE) -> 61.19 | W44: 0 | X44: 0 | Y44: 0 | Z44: 14.183251 | AA44: 20.953281 | AB44: 20.597846 | AC44: 20.272113 | AD44: 9.0065563 | AE44: 9.375428 | AF44: 9.7784356 | AG44: 46.631766 | AH44: 47.157415 | AI44: =VLOOKUP(B44,[7]all!$A$2:$I$247,6,FALSE) -> 81.1 | AJ44: =VLOOKUP(B44,[7]all!$A$2:$I$247,7,FALSE) -> 81.01 | AK44: =VLOOKUP(B44,[7]all!$A$2:$I$247,8,FALSE) -> 80.95 | AL44: 133260
A45: Comoros | B45: COM | C45: =VLOOKUP(B45,'[1]who-regions'!$B$1:$D$206,3,FALSE) -> AFR | D45: =VLOOKUP(B45,'[2]Metadata - Countries'!$A$1:$B$266,2,FALSE) -> Sub-Saharan Africa | E45: =VLOOKUP(B45,'[2]Metadata - Countries'!$A$1:$C$266,3,FALSE) -> Lower middle income | G45: 0 | H45: =VLOOKUP(B45,[4]tas!$A$2:$H$247,5,FALSE) -> 25.66 | I45: =VLOOKUP(B45,[4]tas!$A$2:$H$247,6,FALSE) -> 25.7 | J45: =VLOOKUP(B45,[4]tas!$A$2:$H$247,7,FALSE) -> 25.73 | K45: 1.2795422e+09 | L45: 1.4305234e+09 | M45: 1.5461644e+09 | N45: =VLOOKUP(B45,[2]Data!$B$1:$G$267,4,FALSE) -> 1465.4796 | O45: =VLOOKUP(B45,[2]Data!$B$1:$G$267,5,FALSE) -> 1560.2738 | P45: =VLOOKUP(B45,[2]Data!$B$1:$G$267,6,FALSE) -> 1662.7566 | Q45: =VLOOKUP(B45,[5]Sheet1!$B$421:$K$628,10,FALSE) -> 0 | R45: =VLOOKUP(B45,[5]Sheet1!$B$213:$K$420,10,FALSE) -> 0 | S45: =VLOOKUP(B45,[5]Sheet1!$B$2:$K$207,10,FALSE) -> 0 | T45: =VLOOKUP(B45,[6]Sheet1!$B$421:$K$628,10,FALSE) -> 0 | U45: =VLOOKUP(B45,[6]Sheet1!$B$213:$K$420,10,FALSE) -> 0 | V45: =VLOOKUP(B45,[6]Sheet1!$B$2:$K$212,10,FALSE) -> 0 | W45: 0 | X45: 0 | Y45: 0 | Z45: 11.933272 | AA45: 37.718656 | AB45: 37.401383 | AC45: 37.121406 | AD45: 4.4552907 | AE45: 4.4729047 | AF45: 4.4721611 | AG45: 448.24718 | AH45: 456.95164 | AI45: =VLOOKUP(B45,[7]all!$A$2:$I$247,6,FALSE) -> 80.36 | AJ45: =VLOOKUP(B45,[7]all!$A$2:$I$247,7,FALSE) -> 80.22 | AK45: =VLOOKUP(B45,[7]all!$A$2:$I$247,8,FALSE) -> 80.27
A46: Congo, Dem. Rep. | B46: COD | C46: =VLOOKUP(B46,'[1]who-regions'!$B$1:$D$206,3,FALSE) -> AFR | D46: =VLOOKUP(B46,'[2]Metadata - Countries'!$A$1:$B$266,2,FALSE) -> Sub-Saharan Africa | E46: =VLOOKUP(B46,'[2]Metadata - Countries'!$A$1:$C$266,3,FALSE) -> Low income | G46: 16.174473 | H46: =VLOOKUP(B46,[4]tas!$A$2:$H$247,5,FALSE) -> 25.04 | I46: =VLOOKUP(B46,[4]tas!$A$2:$H$247,6,FALSE) -> 25.08 | J46: =VLOOKUP(B46,[4]tas!$A$2:$H$247,7,FALSE) -> 25.17 | K46: 6.5801548e+10 | L46: 6.7006757e+10 | M46: 7.0749356e+10 | N46: =VLOOKUP(B46,[2]Data!$B$1:$G$267,4,FALSE) -> 687.73859 | O46: =VLOOKUP(B46,[2]Data!$B$1:$G$267,5,FALSE) -> 660.21205 | P46: =VLOOKUP(B46,[2]Data!$B$1:$G$267,6,FALSE) -> 649.38334 | Q46: =VLOOKUP(B46,[5]Sheet1!$B$421:$K$628,10,FALSE) -> 0 | R46: =VLOOKUP(B46,[5]Sheet1!$B$213:$K$420,10,FALSE) -> 0 | S46: =VLOOKUP(B46,[5]Sheet1!$B$2:$K$207,10,FALSE) -> 0 | T46: =VLOOKUP(B46,[6]Sheet1!$B$421:$K$628,10,FALSE) -> 0 | U46: =VLOOKUP(B46,[6]Sheet1!$B$213:$K$420,10,FALSE) -> 0 | V46: =VLOOKUP(B46,[6]Sheet1!$B$2:$K$212,10,FALSE) -> 0 | W46: 0 | X46: 0 | Y46: 0 | Z46: 26.649483 | AA46: 46.112116 | AB46: 46.088288 | AC46: 46.032971 | AD46: 3.0660468 | AE46: 3.0683564 | AF46: 3.0755778 | AG46: 45.167494 | AH46: 46.664048 | AI46: =VLOOKUP(B46,[7]all!$A$2:$I$247,6,FALSE) -> 76.22 | AJ46: =VLOOKUP(B46,[7]all!$A$2:$I$247,7,FALSE) -> 76.19 | AK46: =VLOOKUP(B46,[7]all!$A$2:$I$247,8,FALSE) -> 76.11
A47: Congo, Rep. | B47: COG | C47: =VLOOKUP(B47,'[1]who-regions'!$B$1:$D$206,3,FALSE) -> AFR | D47: =VLOOKUP(B47,'[2]Metadata - Countries'!$A$1:$B$266,2,FALSE) -> Sub-Saharan Africa | E47: =VLOOKUP(B47,'[2]Metadata - Countries'!$A$1:$C$266,3,FALSE) -> Lower middle income | G47: 0 | H47: =VLOOKUP(B47,[4]tas!$A$2:$H$247,5,FALSE) -> 25.69 | I47: =VLOOKUP(B47,[4]tas!$A$2:$H$247,6,FALSE) -> 25.71 | J47: =VLOOKUP(B47,[4]tas!$A$2:$H$247,7,FALSE) -> 25.8 | K47: 1.581703e+10 | L47: 1.5321056e+10 | M47: 1.5719986e+10 | N47: =VLOOKUP(B47,[2]Data!$B$1:$G$267,4,FALSE) -> 2620.838 | O47: =VLOOKUP(B47,[2]Data!$B$1:$G$267,5,FALSE) -> 2477.9785 | P47: =VLOOKUP(B47,[2]Data!$B$1:$G$267,6,FALSE) -> 2482.249 | Q47: =VLOOKUP(B47,[5]Sheet1!$B$421:$K$628,10,FALSE) -> 0 | R47: =VLOOKUP(B47,[5]Sheet1!$B$213:$K$420,10,FALSE) -> 0 | S47: =VLOOKUP(B47,[5]Sheet1!$B$2:$K$207,10,FALSE) -> 0 | T47: =VLOOKUP(B47,[6]Sheet1!$B$421:$K$628,10,FALSE) -> 0 | U47: =VLOOKUP(B47,[6]Sheet1!$B$213:$K$420,10,FALSE) -> 0 | V47: =VLOOKUP(B47,[6]Sheet1!$B$2:$K$212,10,FALSE) -> 0 | W47: 0 | X47: 0 | Y47: 0 | Z47: 28.57375 | AA47: 41.256422 | AB47: 40.883697 | AC47: 40.445796 | AD47: 2.8498598 | AE47: 2.9146103 | AF47: 2.9855939 | AG47: 17.67234 | AH47: 18.105081 | AI47: =VLOOKUP(B47,[7]all!$A$2:$I$247,6,FALSE) -> 80.21 | AJ47: =VLOOKUP(B47,[7]all!$A$2:$I$247,7,FALSE) -> 80.14 | AK47: =VLOOKUP(B47,[7]all!$A$2:$I$247,8,FALSE) -> 80.15
A48: Costa Rica | B48: CRI | C48: =VLOOKUP(B48,'[1]who-regions'!$B$1:$D$206,3,FALSE) -> AMR | D48: =VLOOKUP(B48,'[2]Metadata - Countries'!$A$1:$B$266,2,FALSE) -> Latin America & Caribbean | E48: =VLOOKUP(B48,'[2]Metadata - Countries'!$A$1:$C$266,3,FALSE) -> High income | G48: 98.383622 | H48: =VLOOKUP(B48,[4]tas!$A$2:$H$247,5,FALSE) -> 24.05 | I48: =VLOOKUP(B48,[4]tas!$A$2:$H$247,6,FALSE) -> 24.05 | J48: =VLOOKUP(B48,[4]tas!$A$2:$H$247,7,FALSE) -> 24.09 | K48: 6.9243626e+10 | L48: 8.6497941e+10 | M48: 9.5350423e+10 | N48: =VLOOKUP(B48,[2]Data!$B$1:$G$267,4,FALSE) -> 13625.901 | O48: =VLOOKUP(B48,[2]Data!$B$1:$G$267,5,FALSE) -> 16942.027 | P48: =VLOOKUP(B48,[2]Data!$B$1:$G$267,6,FALSE) -> 18587.153 | Q48: =VLOOKUP(B48,[5]Sheet1!$B$421:$K$628,10,FALSE) -> 0 | R48: =VLOOKUP(B48,[5]Sheet1!$B$213:$K$420,10,FALSE) -> 0 | S48: =VLOOKUP(B48,[5]Sheet1!$B$2:$K$207,10,FALSE) -> 0 | T48: =VLOOKUP(B48,[6]Sheet1!$B$421:$K$628,10,FALSE) -> 0 | U48: =VLOOKUP(B48,[6]Sheet1!$B$213:$K$420,10,FALSE) -> 55.73 | V48: =VLOOKUP(B48,[6]Sheet1!$B$2:$K$212,10,FALSE) -> 44.04 | W48: 0 | X48: 0 | Y48: 0 | Z48: 14.307571 | AA48: 19.839634 | AB48: 19.330988 | AC48: 18.799277 | AD48: 11.262063 | AE48: 11.718843 | AF48: 12.225156 | AG48: 99.525362 | AH48: 99.990697 | AI48: =VLOOKUP(B48,[7]all!$A$2:$I$247,6,FALSE) -> 82.07 | AJ48: =VLOOKUP(B48,[7]all!$A$2:$I$247,7,FALSE) -> 82.01 | AK48: =VLOOKUP(B48,[7]all!$A$2:$I$247,8,FALSE) -> 81.99
A49: Cote d'Ivoire | B49: CIV | C49: =VLOOKUP(B49,'[1]who-regions'!$B$1:$D$206,3,FALSE) -> AFR | D49: =VLOOKUP(B49,'[2]Metadata - Countries'!$A$1:$B$266,2,FALSE) -> Sub-Saharan Africa | E49: =VLOOKUP(B49,'[2]Metadata - Countries'!$A$1:$C$266,3,FALSE) -> Lower middle income | G49: 36.962084 | H49: =VLOOKUP(B49,[4]tas!$A$2:$H$247,5,FALSE) -> 27.23 | I49: =VLOOKUP(B49,[4]tas!$A$2:$H$247,6,FALSE) -> 27.25 | J49: =VLOOKUP(B49,[4]tas!$A$2:$H$247,7,FALSE) -> 27.31 | K49: 7.0922825e+10 | L49: 7.9618056e+10 | M49: 8.6538414e+10 | N49: =VLOOKUP(B49,[2]Data!$B$1:$G$267,4,FALSE) -> 2333.3713 | O49: =VLOOKUP(B49,[2]Data!$B$1:$G$267,5,FALSE) -> 2591.9659 | P49: =VLOOKUP(B49,[2]Data!$B$1:$G$267,6,FALSE) -> 2727.8935 | Q49: =VLOOKUP(B49,[5]Sheet1!$B$421:$K$628,10,FALSE) -> 0 | R49: =VLOOKUP(B49,[5]Sheet1!$B$213:$K$420,10,FALSE) -> 0 | S49: =VLOOKUP(B49,[5]Sheet1!$B$2:$K$207,10,FALSE) -> 0 | T49: =VLOOKUP(B49,[6]Sheet1!$B$421:$K$628,10,FALSE) -> 0 | U49: =VLOOKUP(B49,[6]Sheet1!$B$213:$K$420,10,FALSE) -> 0 | V49: =VLOOKUP(B49,[6]Sheet1!$B$2:$K$212,10,FALSE) -> 0 | W49: 0 | X49: 0 | Y49: 0 | Z49: 49.497783 | AA49: 41.662674 | AB49: 41.276424 | AC49: 40.87136 | AD49: 2.532821 | AE49: 2.5682423 | AF49: 2.6089685 | AG49: 95.581767 | AH49: 98.005201 | AI49: =VLOOKUP(B49,[7]all!$A$2:$I$247,6,FALSE) -> 71.96 | AJ49: =VLOOKUP(B49,[7]all!$A$2:$I$247,7,FALSE) -> 71.95 | AK49: =VLOOKUP(B49,[7]all!$A$2:$I$247,8,FALSE) -> 71.86 | AL49: 1305
A50: Croatia | B50: HRV | C50: =VLOOKUP(B50,'[1]who-regions'!$B$1:$D$206,3,FALSE) -> EUR | D50: =VLOOKUP(B50,'[2]Metadata - Countries'!$A$1:$B$266,2,FALSE) -> Europe & Central Asia | E50: =VLOOKUP(B50,'[2]Metadata - Countries'!$A$1:$C$266,3,FALSE) -> High income | G50: 0 | H50: =VLOOKUP(B50,[4]tas!$A$2:$H$247,5,FALSE) -> 13.1 | I50: =VLOOKUP(B50,[4]tas!$A$2:$H$247,6,FALSE) -> 13.09 | J50: =VLOOKUP(B50,[4]tas!$A$2:$H$247,7,FALSE) -> 13.11 | K50: 7.1198635e+10 | L50: 8.4393796e+10 | M50: 9.2526176e+10 | N50: =VLOOKUP(B50,[2]Data!$B$1:$G$267,4,FALSE) -> 18465.541 | O50: =VLOOKUP(B50,[2]Data!$B$1:$G$267,5,FALSE) -> 22184.228 | P50: =VLOOKUP(B50,[2]Data!$B$1:$G$267,6,FALSE) -> 24050.44 | Q50: =VLOOKUP(B50,[5]Sheet1!$B$421:$K$628,10,FALSE) -> 0 | R50: =VLOOKUP(B50,[5]Sheet1!$B$213:$K$420,10,FALSE) -> 0 | S50: =VLOOKUP(B50,[5]Sheet1!$B$2:$K$207,10,FALSE) -> 0 | T50: =VLOOKUP(B50,[6]Sheet1!$B$421:$K$628,10,FALSE) -> 30.74 | U50: =VLOOKUP(B50,[6]Sheet1!$B$213:$K$420,10,FALSE) -> 28.56 | V50: =VLOOKUP(B50,[6]Sheet1!$B$2:$K$212,10,FALSE) -> 27.91 | W50: 99.72493 | X50: 0 | Y50: 0 | Z50: 16.120859 | AA50: 14.300925 | AB50: 14.138557 | AC50: 13.923206 | AD50: 22.484705 | AE50: 22.815365 | AF50: 23.187771 | AG50: 68.899946 | AH50: 68.97223 | AI50: =VLOOKUP(B50,[7]all!$A$2:$I$247,6,FALSE) -> 73.25 | AJ50: =VLOOKUP(B50,[7]all!$A$2:$I$247,7,FALSE) -> 73.23 | AK50: =VLOOKUP(B50,[7]all!$A$2:$I$247,8,FALSE) -> 73.45 | AL50: 7122
A51: Cuba | B51: CUB | C51: =VLOOKUP(B51,'[1]who-regions'!$B$1:$D$206,3,FALSE) -> AMR | D51: =VLOOKUP(B51,'[2]Metadata - Countries'!$A$1:$B$266,2,FALSE) -> Latin America & Caribbean | E51: =VLOOKUP(B51,'[2]Metadata - Countries'!$A$1:$C$266,3,FALSE) -> Upper middle income | G51: 92.14941 | H51: =VLOOKUP(B51,[4]tas!$A$2:$H$247,5,FALSE) -> 26.41 | I51: =VLOOKUP(B51,[4]tas!$A$2:$H$247,6,FALSE) -> 26.46 | J51: =VLOOKUP(B51,[4]tas!$A$2:$H$247,7,FALSE) -> 26.45 | K51: 0 | L51: 0 | M51: 0 | N51: =VLOOKUP(B51,[2]Data!$B$1:$G$267,4,FALSE) -> 0 | O51: =VLOOKUP(B51,[2]Data!$B$1:$G$267,5,FALSE) -> 0 | P51: =VLOOKUP(B51,[2]Data!$B$1:$G$267,6,FALSE) -> 0 | Q51: =VLOOKUP(B51,[5]Sheet1!$B$421:$K$628,10,FALSE) -> 0 | R51: =VLOOKUP(B51,[5]Sheet1!$B$213:$K$420,10,FALSE) -> 0 | S51: =VLOOKUP(B51,[5]Sheet1!$B$2:$K$207,10,FALSE) -> 0 | T51: =VLOOKUP(B51,[6]Sheet1!$B$421:$K$628,10,FALSE) -> 97.6 | U51: =VLOOKUP(B51,[6]Sheet1!$B$213:$K$420,10,FALSE) -> 99.97 | V51: =VLOOKUP(B51,[6]Sheet1!$B$2:$K$212,10,FALSE) -> 99.97 | W51: 88.202469 | X51: 89.023941 | Y51: 0 | Z51: 21.236724 | AA51: 15.677 | AB51: 15.513977 | AC51: 15.29395 | AD51: 15.875878 | AE51: 16.195529 | AF51: 16.56908 | AG51: 106.54933 | AH51: 106.16504 | AI51: =VLOOKUP(B51,[7]all!$A$2:$I$247,6,FALSE) -> 74.27 | AJ51: =VLOOKUP(B51,[7]all!$A$2:$I$247,7,FALSE) -> 74.12 | AK51: =VLOOKUP(B51,[7]all!$A$2:$I$247,8,FALSE) -> 74.22
A52: Curacao | B52: CUW | C52: None | D52: =VLOOKUP(B52,'[2]Metadata - Countries'!$A$1:$B$266,2,FALSE) -> Latin America & Caribbean | E52: =VLOOKUP(B52,'[2]Metadata - Countries'!$A$1:$C$266,3,FALSE) -> High income | G52: 0 | H52: =VLOOKUP(B52,[4]tas!$A$2:$H$247,5,FALSE) -> 27.05 | I52: =VLOOKUP(B52,[4]tas!$A$2:$H$247,6,FALSE) -> 27.01 | J52: =VLOOKUP(B52,[4]tas!$A$2:$H$247,7,FALSE) -> 27.06 | K52: 3.0751808e+09 | L52: 3.2814193e+09 | M52: 0 | N52: =VLOOKUP(B52,[2]Data!$B$1:$G$267,4,FALSE) -> 20057.14 | O52: =VLOOKUP(B52,[2]Data!$B$1:$G$267,5,FALSE) -> 21217.811 | P52: =VLOOKUP(B52,[2]Data!$B$1:$G$267,6,FALSE) -> 22832.895 | Q52: =VLOOKUP(B52,[5]Sheet1!$B$421:$K$628,10,FALSE) -> #N/A | R52: =VLOOKUP(B52,[5]Sheet1!$B$213:$K$420,10,FALSE) -> #N/A | S52: =VLOOKUP(B52,[5]Sheet1!$B$2:$K$207,10,FALSE) -> #N/A | T52: =VLOOKUP(B52,[6]Sheet1!$B$421:$K$628,10,FALSE) -> #N/A | U52: =VLOOKUP(B52,[6]Sheet1!$B$213:$K$420,10,FALSE) -> #N/A | V52: =VLOOKUP(B52,[6]Sheet1!$B$2:$K$212,10,FALSE) -> #N/A | W52: 0 | X52: 0 | Y52: 0 | Z52: 0 | AA52: 15.58773 | AB52: 15.242656 | AC52: 14.927904 | AD52: 15.794642 | AE52: 16.281879 | AF52: 16.781728 | AG52: 337.82883 | AH52: 350.9009 | AI52: =VLOOKUP(B52,[7]all!$A$2:$I$247,6,FALSE) -> 83.97 | AJ52: =VLOOKUP(B52,[7]all!$A$2:$I$247,7,FALSE) -> 83.98 | AK52: =VLOOKUP(B52,[7]all!$A$2:$I$247,8,FALSE) -> 84.02
A53: Cyprus | B53: CYP | C53: =VLOOKUP(B53,'[1]who-regions'!$B$1:$D$206,3,FALSE) -> EUR | D53: =VLOOKUP(B53,'[2]Metadata - Countries'!$A$1:$B$266,2,FALSE) -> Europe & Central Asia | E53: =VLOOKUP(B53,'[2]Metadata - Countries'!$A$1:$C$266,3,FALSE) -> High income | G53: 99.396776 | H53: =VLOOKUP(B53,[4]tas!$A$2:$H$247,5,FALSE) -> 20.26 | I53: =VLOOKUP(B53,[4]tas!$A$2:$H$247,6,FALSE) -> 20.25 | J53: =VLOOKUP(B53,[4]tas!$A$2:$H$247,7,FALSE) -> 20.27 | K53: 3.0935566e+10 | L53: 3.3886931e+10 | M53: 3.6333022e+10 | N53: =VLOOKUP(B53,[2]Data!$B$1:$G$267,4,FALSE) -> 33231.043 | O53: =VLOOKUP(B53,[2]Data!$B$1:$G$267,5,FALSE) -> 36623.691 | P53: =VLOOKUP(B53,[2]Data!$B$1:$G$267,6,FALSE) -> 38674.293 | Q53: =VLOOKUP(B53,[5]Sheet1!$B$421:$K$628,10,FALSE) -> 0 | R53: =VLOOKUP(B53,[5]Sheet1!$B$213:$K$420,10,FALSE) -> 0 | S53: =VLOOKUP(B53,[5]Sheet1!$B$2:$K$207,10,FALSE) -> 0 | T53: =VLOOKUP(B53,[6]Sheet1!$B$421:$K$628,10,FALSE) -> 0 | U53: =VLOOKUP(B53,[6]Sheet1!$B$213:$K$420,10,FALSE) -> 44.5 | V53: =VLOOKUP(B53,[6]Sheet1!$B$2:$K$212,10,FALSE) -> 65 | W53: 0 | X53: 0 | Y53: 0 | Z53: 13.508702 | AA53: 16.033259 | AB53: 16.053898 | AC53: 16.072178 | AD53: 14.077942 | AE53: 14.323272 | AF53: 14.616184 | AG53: 144.08766 | AH53: 145.56017 | AI53: =VLOOKUP(B53,[7]all!$A$2:$I$247,6,FALSE) -> 65.37 | AJ53: =VLOOKUP(B53,[7]all!$A$2:$I$247,7,FALSE) -> 65.26 | AK53: =VLOOKUP(B53,[7]all!$A$2:$I$247,8,FALSE) -> 65.42
A54: Czechia | B54: CZE | C54: =VLOOKUP(B54,'[1]who-regions'!$B$1:$D$206,3,FALSE) -> EUR | D54: =VLOOKUP(B54,'[2]Metadata - Countries'!$A$1:$B$266,2,FALSE) -> Europe & Central Asia | E54: =VLOOKUP(B54,'[2]Metadata - Countries'!$A$1:$C$266,3,FALSE) -> High income | G54: 99.136358 | H54: =VLOOKUP(B54,[4]tas!$A$2:$H$247,5,FALSE) -> 9.36 | I54: =VLOOKUP(B54,[4]tas!$A$2:$H$247,6,FALSE) -> 9.3 | J54: =VLOOKUP(B54,[4]tas!$A$2:$H$247,7,FALSE) -> 9.25 | K54: 3.0183123e+11 | L54: 3.4320657e+11 | M54: 3.4503668e+11 | N54: =VLOOKUP(B54,[2]Data!$B$1:$G$267,4,FALSE) -> 28282.224 | O54: =VLOOKUP(B54,[2]Data!$B$1:$G$267,5,FALSE) -> 31761.594 | P54: =VLOOKUP(B54,[2]Data!$B$1:$G$267,6,FALSE) -> 31823.308 | Q54: =VLOOKUP(B54,[5]Sheet1!$B$421:$K$628,10,FALSE) -> 0 | R54: =VLOOKUP(B54,[5]Sheet1!$B$213:$K$420,10,FALSE) -> 0 | S54: =VLOOKUP(B54,[5]Sheet1!$B$2:$K$207,10,FALSE) -> 0 | T54: =VLOOKUP(B54,[6]Sheet1!$B$421:$K$628,10,FALSE) -> 20.8 | U54: =VLOOKUP(B54,[6]Sheet1!$B$213:$K$420,10,FALSE) -> 24.6 | V54: =VLOOKUP(B54,[6]Sheet1!$B$2:$K$212,10,FALSE) -> 25.44 | W54: 0 | X54: 0 | Y54: 0 | Z54: 14.111071 | AA54: 15.9477 | AB54: 15.673636 | AC54: 15.397296 | AD54: 20.518311 | AE54: 20.545901 | AF54: 20.845384 | AG54: 138.29051 | AH54: 140.78555 | AI54: =VLOOKUP(B54,[7]all!$A$2:$I$247,6,FALSE) -> 77.55 | AJ54: =VLOOKUP(B54,[7]all!$A$2:$I$247,7,FALSE) -> 77.5 | AK54: =VLOOKUP(B54,[7]all!$A$2:$I$247,8,FALSE) -> 77.22
A55: Denmark | B55: DNK | C55: =VLOOKUP(B55,'[1]who-regions'!$B$1:$D$206,3,FALSE) -> EUR | D55: =VLOOKUP(B55,'[2]Metadata - Countries'!$A$1:$B$266,2,FALSE) -> Europe & Central Asia | E55: =VLOOKUP(B55,'[2]Metadata - Countries'!$A$1:$C$266,3,FALSE) -> High income | G55: 99.597229 | H55: =VLOOKUP(B55,[4]tas!$A$2:$H$247,5,FALSE) -> 9.48 | I55: =VLOOKUP(B55,[4]tas!$A$2:$H$247,6,FALSE) -> 9.29 | J55: =VLOOKUP(B55,[4]tas!$A$2:$H$247,7,FALSE) -> 9.35 | K55: 4.0194558e+11 | L55: 4.0709192e+11 | M55: 4.2945737e+11 | N55: =VLOOKUP(B55,[2]Data!$B$1:$G$267,4,FALSE) -> 67781.094 | O55: =VLOOKUP(B55,[2]Data!$B$1:$G$267,5,FALSE) -> 68043.547 | P55: =VLOOKUP(B55,[2]Data!$B$1:$G$267,6,FALSE) -> 71026.483 | Q55: =VLOOKUP(B55,[5]Sheet1!$B$421:$K$628,10,FALSE) -> 0 | R55: =VLOOKUP(B55,[5]Sheet1!$B$213:$K$420,10,FALSE) -> 7.91 | S55: =VLOOKUP(B55,[5]Sheet1!$B$2:$K$207,10,FALSE) -> 6.77 | T55: =VLOOKUP(B55,[6]Sheet1!$B$421:$K$628,10,FALSE) -> 77.69 | U55: =VLOOKUP(B55,[6]Sheet1!$B$213:$K$420,10,FALSE) -> 81.15 | V55: =VLOOKUP(B55,[6]Sheet1!$B$2:$K$212,10,FALSE) -> 75.62 | W55: 0 | X55: 0 | Y55: 0 | Z55: 9.0698393 | AA55: 16.036286 | AB55: 15.866953 | AC55: 15.696383 | AD55: 20.40074 | AE55: 20.600183 | AF55: 20.86607 | AG55: 147.57593 | AH55: 148.6738 | AI55: =VLOOKUP(B55,[7]all!$A$2:$I$247,6,FALSE) -> 81.86 | AJ55: =VLOOKUP(B55,[7]all!$A$2:$I$247,7,FALSE) -> 81.77 | AK55: =VLOOKUP(B55,[7]all!$A$2:$I$247,8,FALSE) -> 81.89 | AL55: 67066
A56: Djibouti | B56: DJI | C56: =VLOOKUP(B56,'[1]who-regions'!$B$1:$D$206,3,FALSE) -> EMR | D56: =VLOOKUP(B56,'[2]Metadata - Countries'!$A$1:$B$266,2,FALSE) -> Middle East & North Africa | E56: =VLOOKUP(B56,'[2]Metadata - Countries'!$A$1:$C$266,3,FALSE) -> Lower middle income | G56: 66.905213 | H56: =VLOOKUP(B56,[4]tas!$A$2:$H$247,5,FALSE) -> 29.1 | I56: =VLOOKUP(B56,[4]tas!$A$2:$H$247,6,FALSE) -> 29.15 | J56: =VLOOKUP(B56,[4]tas!$A$2:$H$247,7,FALSE) -> 29.17 | K56: 3.5628149e+09 | L56: 3.9171505e+09 | M56: 4.0864027e+09 | N56: =VLOOKUP(B56,[2]Data!$B$1:$G$267,4,FALSE) -> 3133.2578 | O56: =VLOOKUP(B56,[2]Data!$B$1:$G$267,5,FALSE) -> 3381.2978 | P56: =VLOOKUP(B56,[2]Data!$B$1:$G$267,6,FALSE) -> 3552.7234 | Q56: =VLOOKUP(B56,[5]Sheet1!$B$421:$K$628,10,FALSE) -> 0 | R56: =VLOOKUP(B56,[5]Sheet1!$B$213:$K$420,10,FALSE) -> 0 | S56: =VLOOKUP(B56,[5]Sheet1!$B$2:$K$207,10,FALSE) -> 0 | T56: =VLOOKUP(B56,[6]Sheet1!$B$421:$K$628,10,FALSE) -> 0 | U56: =VLOOKUP(B56,[6]Sheet1!$B$213:$K$420,10,FALSE) -> 0 | V56: =VLOOKUP(B56,[6]Sheet1!$B$2:$K$212,10,FALSE) -> 0 | W56: 72.680222 | X56: 0 | Y56: 0 | Z56: 35.92433 | AA56: 30.023367 | AB56: 29.574606 | AC56: 29.170068 | AD56: 4.6273578 | AE56: 4.7357481 | AF56: 4.8508114 | AG56: 49.055047 | AH56: 49.73874 | AI56: =VLOOKUP(B56,[7]all!$A$2:$I$247,6,FALSE) -> 55.15 | AJ56: =VLOOKUP(B56,[7]all!$A$2:$I$247,7,FALSE) -> 54.93 | AK56: =VLOOKUP(B56,[7]all!$A$2:$I$247,8,FALSE) -> 54.99
A57: Dominica | B57: DMA | C57: =VLOOKUP(B57,'[1]who-regions'!$B$1:$D$206,3,FALSE) -> AMR | D57: =VLOOKUP(B57,'[2]Metadata - Countries'!$A$1:$B$266,2,FALSE) -> Latin America & Caribbean | E57: =VLOOKUP(B57,'[2]Metadata - Countries'!$A$1:$C$266,3,FALSE) -> Upper middle income | G57: 0 | H57: =VLOOKUP(B57,[4]tas!$A$2:$H$247,5,FALSE) -> 26.02 | I57: =VLOOKUP(B57,[4]tas!$A$2:$H$247,6,FALSE) -> 26.05 | J57: =VLOOKUP(B57,[4]tas!$A$2:$H$247,7,FALSE) -> 26.11 | K57: 6.2306296e+08 | L57: 6.5931111e+08 | M57: 6.8888148e+08 | N57: =VLOOKUP(B57,[2]Data!$B$1:$G$267,4,FALSE) -> 9323.6609 | O57: =VLOOKUP(B57,[2]Data!$B$1:$G$267,5,FALSE) -> 9912.9621 | P57: =VLOOKUP(B57,[2]Data!$B$1:$G$267,6,FALSE) -> 10405.279 | Q57: =VLOOKUP(B57,[5]Sheet1!$B$421:$K$628,10,FALSE) -> 0 | R57: =VLOOKUP(B57,[5]Sheet1!$B$213:$K$420,10,FALSE) -> 0 | S57: =VLOOKUP(B57,[5]Sheet1!$B$2:$K$207,10,FALSE) -> 0 | T57: =VLOOKUP(B57,[6]Sheet1!$B$421:$K$628,10,FALSE) -> 0 | U57: =VLOOKUP(B57,[6]Sheet1!$B$213:$K$420,10,FALSE) -> 0 | V57: =VLOOKUP(B57,[6]Sheet1!$B$2:$K$212,10,FALSE) -> 0 | W57: 0 | X57: 0 | Y57: 0 | Z57: 20.6673 | AA57: 18.292893 | AB57: 18.109922 | AC57: 17.873272 | AD57: 12.585576 | AE57: 12.743852 | AF57: 12.95597 | AG57: 89.101333 | AH57: 88.68 | AI57: =VLOOKUP(B57,[7]all!$A$2:$I$247,6,FALSE) -> 82.24 | AJ57: =VLOOKUP(B57,[7]all!$A$2:$I$247,7,FALSE) -> 82.24 | AK57: =VLOOKUP(B57,[7]all!$A$2:$I$247,8,FALSE) -> 82.24
A58: Dominican Republic | B58: DOM | C58: =VLOOKUP(B58,'[1]who-regions'!$B$1:$D$206,3,FALSE) -> AMR | D58: =VLOOKUP(B58,'[2]Metadata - Countries'!$A$1:$B$266,2,FALSE) -> Latin America & Caribbean | E58: =VLOOKUP(B58,'[2]Metadata - Countries'!$A$1:$C$266,3,FALSE) -> Upper middle income | G58: 88.681792 | H58: =VLOOKUP(B58,[4]tas!$A$2:$H$247,5,FALSE) -> 24.97 | I58: =VLOOKUP(B58,[4]tas!$A$2:$H$247,6,FALSE) -> 25 | J58: =VLOOKUP(B58,[4]tas!$A$2:$H$247,7,FALSE) -> 25.02 | K58: 1.1347809e+11 | L58: 1.2045624e+11 | M58: 1.2428225e+11 | N58: =VLOOKUP(B58,[2]Data!$B$1:$G$267,4,FALSE) -> 10104.245 | O58: =VLOOKUP(B58,[2]Data!$B$1:$G$267,5,FALSE) -> 10630.432 | P58: =VLOOKUP(B58,[2]Data!$B$1:$G$267,6,FALSE) -> 10875.662 | Q58: =VLOOKUP(B58,[5]Sheet1!$B$421:$K$628,10,FALSE) -> 0 | R58: =VLOOKUP(B58,[5]Sheet1!$B$213:$K$420,10,FALSE) -> 0 | S58: =VLOOKUP(B58,[5]Sheet1!$B$2:$K$207,10,FALSE) -> 0 | T58: =VLOOKUP(B58,[6]Sheet1!$B$421:$K$628,10,FALSE) -> 0 | U58: =VLOOKUP(B58,[6]Sheet1!$B$213:$K$420,10,FALSE) -> 102.17 | V58: =VLOOKUP(B58,[6]Sheet1!$B$2:$K$212,10,FALSE) -> 51.36 | W58: 94.80838 | X58: 92.230362 | Y58: 0 | Z58: 19.826744 | AA58: 27.191959 | AB58: 26.914002 | AC58: 26.578651 | AD58: 7.2871331 | AE58: 7.5808611 | AF58: 7.879475 | AG58: 233.01235 | AH58: 235.09814 | AI58: =VLOOKUP(B58,[7]all!$A$2:$I$247,6,FALSE) -> 77.28 | AJ58: =VLOOKUP(B58,[7]all!$A$2:$I$247,7,FALSE) -> 77.24 | AK58: =VLOOKUP(B58,[7]all!$A$2:$I$247,8,FALSE) -> 77.36
A59: Ecuador | B59: ECU | C59: =VLOOKUP(B59,'[1]who-regions'!$B$1:$D$206,3,FALSE) -> AMR | D59: =VLOOKUP(B59,'[2]Metadata - Countries'!$A$1:$B$266,2,FALSE) -> Latin America & Caribbean | E59: =VLOOKUP(B59,'[2]Metadata - Countries'!$A$1:$C$266,3,FALSE) -> Upper middle income | G59: 92.272501 | H59: =VLOOKUP(B59,[4]tas!$A$2:$H$247,5,FALSE) -> 21.61 | I59: =VLOOKUP(B59,[4]tas!$A$2:$H$247,6,FALSE) -> 21.63 | J59: =VLOOKUP(B59,[4]tas!$A$2:$H$247,7,FALSE) -> 21.71 | K59: 116133121000 | L59: 121147057000 | M59: 124676074700 | N59: =VLOOKUP(B59,[2]Data!$B$1:$G$267,4,FALSE) -> 6515.5853 | O59: =VLOOKUP(B59,[2]Data!$B$1:$G$267,5,FALSE) -> 6737.8475 | P59: =VLOOKUP(B59,[2]Data!$B$1:$G$267,6,FALSE) -> 6874.7057 | Q59: =VLOOKUP(B59,[5]Sheet1!$B$421:$K$628,10,FALSE) -> 65.66 | R59: =VLOOKUP(B59,[5]Sheet1!$B$213:$K$420,10,FALSE) -> 11.37 | S59: =VLOOKUP(B59,[5]Sheet1!$B$2:$K$207,10,FALSE) -> 63.83 | T59: =VLOOKUP(B59,[6]Sheet1!$B$421:$K$628,10,FALSE) -> 78.41 | U59: =VLOOKUP(B59,[6]Sheet1!$B$213:$K$420,10,FALSE) -> 68.17 | V59: =VLOOKUP(B59,[6]Sheet1!$B$2:$K$212,10,FALSE) -> 32.98 | W59: 86.772171 | X59: 94.356178 | Y59: 0 | Z59: 16.657021 | AA59: 25.516743 | AB59: 25.00469 | AC59: 24.455849 | AD59: 7.8504016 | AE59: 8.0928826 | AF59: 8.3439987 | AG59: 71.766375 | AH59: 72.395245 | AI59: =VLOOKUP(B59,[7]all!$A$2:$I$247,6,FALSE) -> 81.96 | AJ59: =VLOOKUP(B59,[7]all!$A$2:$I$247,7,FALSE) -> 81.97 | AK59: =VLOOKUP(B59,[7]all!$A$2:$I$247,8,FALSE) -> 81.85 | AL59: 13937
A60: Egypt, Arab Rep. | B60: EGY | C60: =VLOOKUP(B60,'[1]who-regions'!$B$1:$D$206,3,FALSE) -> EMR | D60: =VLOOKUP(B60,'[2]Metadata - Countries'!$A$1:$B$266,2,FALSE) -> Middle East & North Africa | E60: =VLOOKUP(B60,'[2]Metadata - Countries'!$A$1:$C$266,3,FALSE) -> Lower middle income | G60: 97.52875 | H60: =VLOOKUP(B60,[4]tas!$A$2:$H$247,5,FALSE) -> 23.62 | I60: =VLOOKUP(B60,[4]tas!$A$2:$H$247,6,FALSE) -> 23.61 | J60: =VLOOKUP(B60,[4]tas!$A$2:$H$247,7,FALSE) -> 23.69 | K60: 4.7674772e+11 | L60: 3.9592608e+11 | M60: 3.8905991e+11 | N60: =VLOOKUP(B60,[2]Data!$B$1:$G$267,4,FALSE) -> 4233.3078 | O60: =VLOOKUP(B60,[2]Data!$B$1:$G$267,5,FALSE) -> 3456.7897 | P60: =VLOOKUP(B60,[2]Data!$B$1:$G$267,6,FALSE) -> 3338.4737 | Q60: =VLOOKUP(B60,[5]Sheet1!$B$421:$K$628,10,FALSE) -> 0 | R60: =VLOOKUP(B60,[5]Sheet1!$B$213:$K$420,10,FALSE) -> 0 | S60: =VLOOKUP(B60,[5]Sheet1!$B$2:$K$207,10,FALSE) -> 0 | T60: =VLOOKUP(B60,[6]Sheet1!$B$421:$K$628,10,FALSE) -> 0 | U60: =VLOOKUP(B60,[6]Sheet1!$B$213:$K$420,10,FALSE) -> 0 | V60: =VLOOKUP(B60,[6]Sheet1!$B$2:$K$212,10,FALSE) -> 0 | W60: 0 | X60: 0 | Y60: 0 | Z60: 54.858706 | AA60: 32.85134 | AB60: 32.435119 | AC60: 31.994655 | AD60: 4.8284035 | AE60: 4.9696854 | AF60: 5.1162954 | AG60: 113.13301 | AH60: 115.05929 | AI60: =VLOOKUP(B60,[7]all!$A$2:$I$247,6,FALSE) -> 38.81 | AJ60: =VLOOKUP(B60,[7]all!$A$2:$I$247,7,FALSE) -> 38.69 | AK60: =VLOOKUP(B60,[7]all!$A$2:$I$247,8,FALSE) -> 38.76
A61: El Salvador | B61: SLV | C61: =VLOOKUP(B61,'[1]who-regions'!$B$1:$D$206,3,FALSE) -> AMR | D61: =VLOOKUP(B61,'[2]Metadata - Countries'!$A$1:$B$266,2,FALSE) -> Latin America & Caribbean | E61: =VLOOKUP(B61,'[2]Metadata - Countries'!$A$1:$C$266,3,FALSE) -> Upper middle income | G61: 87.552784 | H61: =VLOOKUP(B61,[4]tas!$A$2:$H$247,5,FALSE) -> 26.85 | I61: =VLOOKUP(B61,[4]tas!$A$2:$H$247,6,FALSE) -> 26.9 | J61: =VLOOKUP(B61,[4]tas!$A$2:$H$247,7,FALSE) -> 26.9 | K61: 31870120000 | L61: 3.385394e+10 | M61: 35364960000 | N61: =VLOOKUP(B61,[2]Data!$B$1:$G$267,4,FALSE) -> 5074.6021 | O61: =VLOOKUP(B61,[2]Data!$B$1:$G$267,5,FALSE) -> 5365.4449 | P61: =VLOOKUP(B61,[2]Data!$B$1:$G$267,6,FALSE) -> 5579.6597 | Q61: =VLOOKUP(B61,[5]Sheet1!$B$421:$K$628,10,FALSE) -> 0 | R61: =VLOOKUP(B61,[5]Sheet1!$B$213:$K$420,10,FALSE) -> 0 | S61: =VLOOKUP(B61,[5]Sheet1!$B$2:$K$207,10,FALSE) -> 0 | T61: =VLOOKUP(B61,[6]Sheet1!$B$421:$K$628,10,FALSE) -> 57.04 | U61: =VLOOKUP(B61,[6]Sheet1!$B$213:$K$420,10,FALSE) -> 63.95 | V61: =VLOOKUP(B61,[6]Sheet1!$B$2:$K$212,10,FALSE) -> 46.09 | W61: 94.302437 | X61: 89.301811 | Y61: 0 | Z61: 20.028714 | AA61: 25.617059 | AB61: 25.210393 | AC61: 24.806124 | AD61: 7.8616309 | AE61: 8.0003182 | AF61: 8.1486159 | AG61: 303.1042 | AH61: 304.51853 | AI61: =VLOOKUP(B61,[7]all!$A$2:$I$247,6,FALSE) -> 67.84 | AJ61: =VLOOKUP(B61,[7]all!$A$2:$I$247,7,FALSE) -> 67.54 | AK61: =VLOOKUP(B61,[7]all!$A$2:$I$247,8,FALSE) -> 67.96
A62: Equatorial Guinea | B62: GNQ | C62: =VLOOKUP(B62,'[1]who-regions'!$B$1:$D$206,3,FALSE) -> AFR | D62: =VLOOKUP(B62,'[2]Metadata - Countries'!$A$1:$B$266,2,FALSE) -> Sub-Saharan Africa | E62: =VLOOKUP(B62,'[2]Metadata - Countries'!$A$1:$C$266,3,FALSE) -> Upper middle income | G62: 0 | H62: =VLOOKUP(B62,[4]tas!$A$2:$H$247,5,FALSE) -> 24.82 | I62: =VLOOKUP(B62,[4]tas!$A$2:$H$247,6,FALSE) -> 24.84 | J62: =VLOOKUP(B62,[4]tas!$A$2:$H$247,7,FALSE) -> 24.9 | K62: 1.3687643e+10 | L62: 1.2337551e+10 | M62: 1.2765778e+10 | N62: =VLOOKUP(B62,[2]Data!$B$1:$G$267,4,FALSE) -> 7589.2996 | O62: =VLOOKUP(B62,[2]Data!$B$1:$G$267,5,FALSE) -> 6677.7934 | P62: =VLOOKUP(B62,[2]Data!$B$1:$G$267,6,FALSE) -> 6745.4001 | Q62: =VLOOKUP(B62,[5]Sheet1!$B$421:$K$628,10,FALSE) -> 0 | R62: =VLOOKUP(B62,[5]Sheet1!$B$213:$K$420,10,FALSE) -> 0 | S62: =VLOOKUP(B62,[5]Sheet1!$B$2:$K$207,10,FALSE) -> 0 | T62: =VLOOKUP(B62,[6]Sheet1!$B$421:$K$628,10,FALSE) -> 0 | U62: =VLOOKUP(B62,[6]Sheet1!$B$213:$K$420,10,FALSE) -> 0 | V62: =VLOOKUP(B62,[6]Sheet1!$B$2:$K$212,10,FALSE) -> 0 | W62: 0 | X62: 0 | Y62: 0 | Z62: 35.379052 | AA62: 37.678128 | AB62: 37.484337 | AC62: 37.285461 | AD62: 3.5675018 | AE62: 3.6234222 | AF62: 3.6878939 | AG62: 64.297504 | AH62: 65.866275 | AI62: =VLOOKUP(B62,[7]all!$A$2:$I$247,6,FALSE) -> 83.65 | AJ62: =VLOOKUP(B62,[7]all!$A$2:$I$247,7,FALSE) -> 83.58 | AK62: =VLOOKUP(B62,[7]all!$A$2:$I$247,8,FALSE) -> 83.5
A63: Eritrea | B63: ERI | C63: =VLOOKUP(B63,'[1]who-regions'!$B$1:$D$206,3,FALSE) -> AFR | D63: =VLOOKUP(B63,'[2]Metadata - Countries'!$A$1:$B$266,2,FALSE) -> Sub-Saharan Africa | E63: =VLOOKUP(B63,'[2]Metadata - Countries'!$A$1:$C$266,3,FALSE) -> Low income | G63: 0 | H63: =VLOOKUP(B63,[4]tas!$A$2:$H$247,5,FALSE) -> 27.66 | I63: =VLOOKUP(B63,[4]tas!$A$2:$H$247,6,FALSE) -> 27.66 | J63: =VLOOKUP(B63,[4]tas!$A$2:$H$247,7,FALSE) -> 27.74 | K63: 0 | L63: 0 | M63: 0 | N63: =VLOOKUP(B63,[2]Data!$B$1:$G$267,4,FALSE) -> 0 | O63: =VLOOKUP(B63,[2]Data!$B$1:$G$267,5,FALSE) -> 0 | P63: =VLOOKUP(B63,[2]Data!$B$1:$G$267,6,FALSE) -> 0 | Q63: =VLOOKUP(B63,[5]Sheet1!$B$421:$K$628,10,FALSE) -> 0 | R63: =VLOOKUP(B63,[5]Sheet1!$B$213:$K$420,10,FALSE) -> 0 | S63: =VLOOKUP(B63,[5]Sheet1!$B$2:$K$207,10,FALSE) -> 0 | T63: =VLOOKUP(B63,[6]Sheet1!$B$421:$K$628,10,FALSE) -> 0 | U63: =VLOOKUP(B63,[6]Sheet1!$B$213:$K$420,10,FALSE) -> 0 | V63: =VLOOKUP(B63,[6]Sheet1!$B$2:$K$212,10,FALSE) -> 0 | W63: 0 | X63: 0 | Y63: 0 | Z63: 32.351521 | AA63: 39.201049 | AB63: 38.677431 | AC63: 38.137017 | AD63: 4.1160487 | AE63: 4.1509606 | AF63: 4.2028757 | AG63: 28.135812 | AH63: 28.638732 | AI63: =VLOOKUP(B63,[7]all!$A$2:$I$247,6,FALSE) -> 51.46 | AJ63: =VLOOKUP(B63,[7]all!$A$2:$I$247,7,FALSE) -> 51.39 | AK63: =VLOOKUP(B63,[7]all!$A$2:$I$247,8,FALSE) -> 51.49
A64: Estonia | B64: EST | C64: =VLOOKUP(B64,'[1]who-regions'!$B$1:$D$206,3,FALSE) -> EUR | D64: =VLOOKUP(B64,'[2]Metadata - Countries'!$A$1:$B$266,2,FALSE) -> Europe & Central Asia | E64: =VLOOKUP(B64,'[2]Metadata - Countries'!$A$1:$C$266,3,FALSE) -> High income | G64: 99.060221 | H64: =VLOOKUP(B64,[4]tas!$A$2:$H$247,5,FALSE) -> 7.13 | I64: =VLOOKUP(B64,[4]tas!$A$2:$H$247,6,FALSE) -> 6.9 | J64: =VLOOKUP(B64,[4]tas!$A$2:$H$247,7,FALSE) -> 6.84 | K64: 3.8376046e+10 | L64: 4.1291245e+10 | M64: 4.2764929e+10 | N64: =VLOOKUP(B64,[2]Data!$B$1:$G$267,4,FALSE) -> 28340.383 | O64: =VLOOKUP(B64,[2]Data!$B$1:$G$267,5,FALSE) -> 30264.006 | P64: =VLOOKUP(B64,[2]Data!$B$1:$G$267,6,FALSE) -> 31428.355 | Q64: =VLOOKUP(B64,[5]Sheet1!$B$421:$K$628,10,FALSE) -> 0 | R64: =VLOOKUP(B64,[5]Sheet1!$B$213:$K$420,10,FALSE) -> 0 | S64: =VLOOKUP(B64,[5]Sheet1!$B$2:$K$207,10,FALSE) -> 0 | T64: =VLOOKUP(B64,[6]Sheet1!$B$421:$K$628,10,FALSE) -> 30.24 | U64: =VLOOKUP(B64,[6]Sheet1!$B$213:$K$420,10,FALSE) -> 28.11 | V64: =VLOOKUP(B64,[6]Sheet1!$B$2:$K$212,10,FALSE) -> 25.8 | W64: 0 | X64: 0 | Y64: 0 | Z64: 6.1457329 | AA64: 16.233159 | AB64: 15.968303 | AC64: 15.637619 | AD64: 20.630046 | AE64: 20.914083 | AF64: 21.297332 | AG64: 31.566581 | AH64: 32.068476 | AI64: =VLOOKUP(B64,[7]all!$A$2:$I$247,6,FALSE) -> 80.76 | AJ64: =VLOOKUP(B64,[7]all!$A$2:$I$247,7,FALSE) -> 80.89 | AK64: =VLOOKUP(B64,[7]all!$A$2:$I$247,8,FALSE) -> 81
A65: Eswatini | B65: SWZ | C65: =VLOOKUP(B65,'[1]who-regions'!$B$1:$D$206,3,FALSE) -> AFR | D65: =VLOOKUP(B65,'[2]Metadata - Countries'!$A$1:$B$266,2,FALSE) -> Sub-Saharan Africa | E65: =VLOOKUP(B65,'[2]Metadata - Countries'!$A$1:$C$266,3,FALSE) -> Lower middle income | G65: 64.420234 | H65: =VLOOKUP(B65,[4]tas!$A$2:$H$247,5,FALSE) -> 20.91 | I65: =VLOOKUP(B65,[4]tas!$A$2:$H$247,6,FALSE) -> 20.96 | J65: =VLOOKUP(B65,[4]tas!$A$2:$H$247,7,FALSE) -> 20.97 | K65: 4.7411639e+09 | L65: 4.6041721e+09 | M65: 4.8918837e+09 | N65: =VLOOKUP(B65,[2]Data!$B$1:$G$267,4,FALSE) -> 3894.162 | O65: =VLOOKUP(B65,[2]Data!$B$1:$G$267,5,FALSE) -> 3755.5211 | P65: =VLOOKUP(B65,[2]Data!$B$1:$G$267,6,FALSE) -> 3909.5589 | Q65: =VLOOKUP(B65,[5]Sheet1!$B$421:$K$628,10,FALSE) -> 0 | R65: =VLOOKUP(B65,[5]Sheet1!$B$213:$K$420,10,FALSE) -> 0 | S65: =VLOOKUP(B65,[5]Sheet1!$B$2:$K$207,10,FALSE) -> 0 | T65: =VLOOKUP(B65,[6]Sheet1!$B$421:$K$628,10,FALSE) -> 0 | U65: =VLOOKUP(B65,[6]Sheet1!$B$213:$K$420,10,FALSE) -> 0 | V65: =VLOOKUP(B65,[6]Sheet1!$B$2:$K$212,10,FALSE) -> 0 | W65: 0 | X65: 0 | Y65: 0 | Z65: 18.783121 | AA65: 33.950562 | AB65: 33.668995 | AC65: 33.352255 | AD65: 4.0150412 | AE65: 4.1468713 | AF65: 4.2619556 | AG65: 70.867267 | AH65: 71.541047 | AI65: =VLOOKUP(B65,[7]all!$A$2:$I$247,6,FALSE) -> 65.76 | AJ65: =VLOOKUP(B65,[7]all!$A$2:$I$247,7,FALSE) -> 66.06 | AK65: =VLOOKUP(B65,[7]all!$A$2:$I$247,8,FALSE) -> 65.88 | AL65: 219
A66: Ethiopia | B66: ETH | C66: =VLOOKUP(B66,'[1]who-regions'!$B$1:$D$206,3,FALSE) -> AFR | D66: =VLOOKUP(B66,'[2]Metadata - Countries'!$A$1:$B$266,2,FALSE) -> Sub-Saharan Africa | E66: =VLOOKUP(B66,'[2]Metadata - Countries'!$A$1:$C$266,3,FALSE) -> 0 | G66: 9.3362161 | H66: =VLOOKUP(B66,[4]tas!$A$2:$H$247,5,FALSE) -> 23.93 | I66: =VLOOKUP(B66,[4]tas!$A$2:$H$247,6,FALSE) -> 24.02 | J66: =VLOOKUP(B66,[4]tas!$A$2:$H$247,7,FALSE) -> 24.07 | K66: 1.2677271e+11 | L66: 0 | M66: 0 | N66: =VLOOKUP(B66,[2]Data!$B$1:$G$267,4,FALSE) -> 982.10316 | O66: =VLOOKUP(B66,[2]Data!$B$1:$G$267,5,FALSE) -> 1055.8109 | P66: =VLOOKUP(B66,[2]Data!$B$1:$G$267,6,FALSE) -> 1133.8828 | Q66: =VLOOKUP(B66,[5]Sheet1!$B$421:$K$628,10,FALSE) -> 0 | R66: =VLOOKUP(B66,[5]Sheet1!$B$213:$K$420,10,FALSE) -> 0 | S66: =VLOOKUP(B66,[5]Sheet1!$B$2:$K$207,10,FALSE) -> 0 | T66: =VLOOKUP(B66,[6]Sheet1!$B$421:$K$628,10,FALSE) -> 0 | U66: =VLOOKUP(B66,[6]Sheet1!$B$213:$K$420,10,FALSE) -> 0 | V66: =VLOOKUP(B66,[6]Sheet1!$B$2:$K$212,10,FALSE) -> 0 | W66: 0 | X66: 0 | Y66: 0 | Z66: 27.305328 | AA66: 39.705803 | AB66: 39.365637 | AC66: 39.059916 | AD66: 3.1244162 | AE66: 3.1713104 | AF66: 3.2299845 | AG66: 111.10715 | AH66: 114.03795 | AI66: =VLOOKUP(B66,[7]all!$A$2:$I$247,6,FALSE) -> 55.97 | AJ66: =VLOOKUP(B66,[7]all!$A$2:$I$247,7,FALSE) -> 55.53 | AK66: =VLOOKUP(B66,[7]all!$A$2:$I$247,8,FALSE) -> 55.61
A67: Faroe Islands | B67: FRO | C67: None | D67: =VLOOKUP(B67,'[2]Metadata - Countries'!$A$1:$B$266,2,FALSE) -> Europe & Central Asia | E67: =VLOOKUP(B67,'[2]Metadata - Countries'!$A$1:$C$266,3,FALSE) -> High income | G67: 0 | H67: =VLOOKUP(B67,[4]tas!$A$2:$H$247,5,FALSE) -> 7.55 | I67: =VLOOKUP(B67,[4]tas!$A$2:$H$247,6,FALSE) -> 7.6 | J67: =VLOOKUP(B67,[4]tas!$A$2:$H$247,7,FALSE) -> 7.62 | K67: 3.5666984e+09 | L67: 3.907324e+09 | M67: 0 | N67: =VLOOKUP(B67,[2]Data!$B$1:$G$267,4,FALSE) -> 67058.202 | O67: =VLOOKUP(B67,[2]Data!$B$1:$G$267,5,FALSE) -> 72465.377 | P67: =VLOOKUP(B67,[2]Data!$B$1:$G$267,6,FALSE) -> 74119.661 | Q67: =VLOOKUP(B67,[5]Sheet1!$B$421:$K$628,10,FALSE) -> #N/A | R67: =VLOOKUP(B67,[5]Sheet1!$B$213:$K$420,10,FALSE) -> #N/A | S67: =VLOOKUP(B67,[5]Sheet1!$B$2:$K$207,10,FALSE) -> #N/A | T67: =VLOOKUP(B67,[6]Sheet1!$B$421:$K$628,10,FALSE) -> #N/A | U67: =VLOOKUP(B67,[6]Sheet1!$B$213:$K$420,10,FALSE) -> #N/A | V67: =VLOOKUP(B67,[6]Sheet1!$B$2:$K$212,10,FALSE) -> #N/A | W67: 0 | X67: 0 | Y67: 0 | Z67: 0 | AA67: 20.434726 | AB67: 20.156817 | AC67: 19.965884 | AD67: 17.792672 | AE67: 17.725973 | AF67: 17.737525 | AG67: 39.362774 | AH67: 39.736496 | AI67: =VLOOKUP(B67,[7]all!$A$2:$I$247,6,FALSE) -> 81.59 | AJ67: =VLOOKUP(B67,[7]all!$A$2:$I$247,7,FALSE) -> 81.85 | AK67: =VLOOKUP(B67,[7]all!$A$2:$I$247,8,FALSE) -> 81.37
A68: Fiji | B68: FJI | C68: =VLOOKUP(B68,'[1]who-regions'!$B$1:$D$206,3,FALSE) -> WPR | D68: =VLOOKUP(B68,'[2]Metadata - Countries'!$A$1:$B$266,2,FALSE) -> East Asia & Pacific | E68: =VLOOKUP(B68,'[2]Metadata - Countries'!$A$1:$C$266,3,FALSE) -> Upper middle income | G68: 93.043743 | H68: =VLOOKUP(B68,[4]tas!$A$2:$H$247,5,FALSE) -> 25.07 | I68: =VLOOKUP(B68,[4]tas!$A$2:$H$247,6,FALSE) -> 25.08 | J68: =VLOOKUP(B68,[4]tas!$A$2:$H$247,7,FALSE) -> 25.09 | K68: 4.9695035e+09 | L68: 5.4420466e+09 | M68: 5.8405641e+09 | N68: =VLOOKUP(B68,[2]Data!$B$1:$G$267,4,FALSE) -> 5414.1209 | O68: =VLOOKUP(B68,[2]Data!$B$1:$G$267,5,FALSE) -> 5926.2059 | P68: =VLOOKUP(B68,[2]Data!$B$1:$G$267,6,FALSE) -> 6425.7415 | Q68: =VLOOKUP(B68,[5]Sheet1!$B$421:$K$628,10,FALSE) -> 0 | R68: =VLOOKUP(B68,[5]Sheet1!$B$213:$K$420,10,FALSE) -> 0 | S68: =VLOOKUP(B68,[5]Sheet1!$B$2:$K$207,10,FALSE) -> 0 | T68: =VLOOKUP(B68,[6]Sheet1!$B$421:$K$628,10,FALSE) -> 0 | U68: =VLOOKUP(B68,[6]Sheet1!$B$213:$K$420,10,FALSE) -> 0 | V68: =VLOOKUP(B68,[6]Sheet1!$B$2:$K$212,10,FALSE) -> 0 | W68: 0 | X68: 93.119637 | Y68: 0 | Z68: 12.418798 | AA68: 27.70235 | AB68: 27.385298 | AC68: 27.093275 | AD68: 6.2092815 | AE68: 6.3430488 | AF68: 6.4869765 | AG68: 50.324138 | AH68: 50.582649 | AI68: =VLOOKUP(B68,[7]all!$A$2:$I$247,6,FALSE) -> 80.85 | AJ68: =VLOOKUP(B68,[7]all!$A$2:$I$247,7,FALSE) -> 80.79 | AK68: =VLOOKUP(B68,[7]all!$A$2:$I$247,8,FALSE) -> 80.93
A69: Finland | B69: FIN | C69: =VLOOKUP(B69,'[1]who-regions'!$B$1:$D$206,3,FALSE) -> EUR | D69: =VLOOKUP(B69,'[2]Metadata - Countries'!$A$1:$B$266,2,FALSE) -> Europe & Central Asia | E69: =VLOOKUP(B69,'[2]Metadata - Countries'!$A$1:$C$266,3,FALSE) -> High income | G69: 99.447947 | H69: =VLOOKUP(B69,[4]tas!$A$2:$H$247,5,FALSE) -> 3.74 | I69: =VLOOKUP(B69,[4]tas!$A$2:$H$247,6,FALSE) -> 3.6 | J69: =VLOOKUP(B69,[4]tas!$A$2:$H$247,7,FALSE) -> 3.52 | K69: 2.802531e+11 | L69: 2.9495062e+11 | M69: 2.9983563e+11 | N69: =VLOOKUP(B69,[2]Data!$B$1:$G$267,4,FALSE) -> 50440.56 | O69: =VLOOKUP(B69,[2]Data!$B$1:$G$267,5,FALSE) -> 52834.292 | P69: =VLOOKUP(B69,[2]Data!$B$1:$G$267,6,FALSE) -> 53149.767 | Q69: =VLOOKUP(B69,[5]Sheet1!$B$421:$K$628,10,FALSE) -> 0 | R69: =VLOOKUP(B69,[5]Sheet1!$B$213:$K$420,10,FALSE) -> 0 | S69: =VLOOKUP(B69,[5]Sheet1!$B$2:$K$207,10,FALSE) -> 0 | T69: =VLOOKUP(B69,[6]Sheet1!$B$421:$K$628,10,FALSE) -> 63 | U69: =VLOOKUP(B69,[6]Sheet1!$B$213:$K$420,10,FALSE) -> 60.1 | V69: =VLOOKUP(B69,[6]Sheet1!$B$2:$K$212,10,FALSE) -> 61.3 | W69: 0 | X69: 0 | Y69: 0 | Z69: 4.8951809 | AA69: 15.220946 | AB69: 14.935008 | AC69: 14.633186 | AD69: 23.228767 | AE69: 23.577875 | AF69: 23.897237 | AG69: 18.279809 | AH69: 18.370545 | AI69: =VLOOKUP(B69,[7]all!$A$2:$I$247,6,FALSE) -> 80.72 | AJ69: =VLOOKUP(B69,[7]all!$A$2:$I$247,7,FALSE) -> 80.65 | AK69: =VLOOKUP(B69,[7]all!$A$2:$I$247,8,FALSE) -> 80.93
A70: France | B70: FRA | C70: =VLOOKUP(B70,'[1]who-regions'!$B$1:$D$206,3,FALSE) -> EUR | D70: =VLOOKUP(B70,'[2]Metadata - Countries'!$A$1:$B$266,2,FALSE) -> Europe & Central Asia | E70: =VLOOKUP(B70,'[2]Metadata - Countries'!$A$1:$C$266,3,FALSE) -> High income | G70: 98.645996 | H70: =VLOOKUP(B70,[4]tas!$A$2:$H$247,5,FALSE) -> 12.01 | I70: =VLOOKUP(B70,[4]tas!$A$2:$H$247,6,FALSE) -> 11.93 | J70: =VLOOKUP(B70,[4]tas!$A$2:$H$247,7,FALSE) -> 11.99 | K70: 2.7963022e+12 | L70: 3.0518316e+12 | M70: 3.1620791e+12 | N70: =VLOOKUP(B70,[2]Data!$B$1:$G$267,4,FALSE) -> 40988.64 | O70: =VLOOKUP(B70,[2]Data!$B$1:$G$267,5,FALSE) -> 44700.138 | P70: =VLOOKUP(B70,[2]Data!$B$1:$G$267,6,FALSE) -> 46103.084 | Q70: =VLOOKUP(B70,[5]Sheet1!$B$421:$K$628,10,FALSE) -> 0 | R70: =VLOOKUP(B70,[5]Sheet1!$B$213:$K$420,10,FALSE) -> 0 | S70: =VLOOKUP(B70,[5]Sheet1!$B$2:$K$207,10,FALSE) -> 0 | T70: =VLOOKUP(B70,[6]Sheet1!$B$421:$K$628,10,FALSE) -> 56.8 | U70: =VLOOKUP(B70,[6]Sheet1!$B$213:$K$420,10,FALSE) -> 54 | V70: =VLOOKUP(B70,[6]Sheet1!$B$2:$K$212,10,FALSE) -> 53.7 | W70: 0 | X70: 0 | Y70: 0 | Z70: 9.6003814 | AA70: 17.031416 | AB70: 16.784778 | AC70: 16.505121 | AD70: 21.377349 | AE70: 21.749142 | AF70: 22.146562 | AG70: 126.29189 | AH70: 126.70468 | AI70: =VLOOKUP(B70,[7]all!$A$2:$I$247,6,FALSE) -> 76.01 | AJ70: =VLOOKUP(B70,[7]all!$A$2:$I$247,7,FALSE) -> 76.43 | AK70: =VLOOKUP(B70,[7]all!$A$2:$I$247,8,FALSE) -> 75.98 | AL70: 274644
A71: French Polynesia | B71: PYF | C71: =VLOOKUP(B71,'[1]who-regions'!$B$1:$D$206,3,FALSE) -> WPR | D71: =VLOOKUP(B71,'[2]Metadata - Countries'!$A$1:$B$266,2,FALSE) -> East Asia & Pacific | E71: =VLOOKUP(B71,'[2]Metadata - Countries'!$A$1:$C$266,3,FALSE) -> High income | G71: 97.003381 | H71: =VLOOKUP(B71,[4]tas!$A$2:$H$247,5,FALSE) -> 25.94 | I71: =VLOOKUP(B71,[4]tas!$A$2:$H$247,6,FALSE) -> 25.94 | J71: =VLOOKUP(B71,[4]tas!$A$2:$H$247,7,FALSE) -> 26.03 | K71: 5.8146612e+09 | L71: 6.4022212e+09 | M71: 0 | N71: =VLOOKUP(B71,[2]Data!$B$1:$G$267,4,FALSE) -> 20053.957 | O71: =VLOOKUP(B71,[2]Data!$B$1:$G$267,5,FALSE) -> 21832.283 | P71: =VLOOKUP(B71,[2]Data!$B$1:$G$267,6,FALSE) -> 22439.884 | Q71: =VLOOKUP(B71,[5]Sheet1!$B$421:$K$628,10,FALSE) -> 0 | R71: =VLOOKUP(B71,[5]Sheet1!$B$213:$K$420,10,FALSE) -> 0 | S71: =VLOOKUP(B71,[5]Sheet1!$B$2:$K$207,10,FALSE) -> 0 | T71: =VLOOKUP(B71,[6]Sheet1!$B$421:$K$628,10,FALSE) -> 0 | U71: =VLOOKUP(B71,[6]Sheet1!$B$213:$K$420,10,FALSE) -> 10 | V71: =VLOOKUP(B71,[6]Sheet1!$B$2:$K$212,10,FALSE) -> 0 | W71: 0 | X71: 0 | Y71: 0 | Z71: 0 | AA71: 20.314005 | AB71: 19.733315 | AC71: 19.101405 | AD71: 10.172695 | AE71: 10.725548 | AF71: 11.324082 | AG71: 80.777298 | AH71: 80.990493 | AI71: =VLOOKUP(B71,[7]all!$A$2:$I$247,6,FALSE) -> 80.86 | AJ71: =VLOOKUP(B71,[7]all!$A$2:$I$247,7,FALSE) -> 80.87 | AK71: =VLOOKUP(B71,[7]all!$A$2:$I$247,8,FALSE) -> 80.89
A72: Gabon | B72: GAB | C72: =VLOOKUP(B72,'[1]who-regions'!$B$1:$D$206,3,FALSE) -> AFR | D72: =VLOOKUP(B72,'[2]Metadata - Countries'!$A$1:$B$266,2,FALSE) -> Sub-Saharan Africa | E72: =VLOOKUP(B72,'[2]Metadata - Countries'!$A$1:$C$266,3,FALSE) -> Upper middle income | G72: 49.896235 | H72: =VLOOKUP(B72,[4]tas!$A$2:$H$247,5,FALSE) -> 25.5 | I72: =VLOOKUP(B72,[4]tas!$A$2:$H$247,6,FALSE) -> 25.51 | J72: =VLOOKUP(B72,[4]tas!$A$2:$H$247,7,FALSE) -> 25.59 | K72: 2.0440656e+10 | L72: 2.005572e+10 | M72: 2.0867045e+10 | N72: =VLOOKUP(B72,[2]Data!$B$1:$G$267,4,FALSE) -> 8409.2074 | O72: =VLOOKUP(B72,[2]Data!$B$1:$G$267,5,FALSE) -> 7802.8243 | P72: =VLOOKUP(B72,[2]Data!$B$1:$G$267,6,FALSE) -> 8230.0431 | Q72: =VLOOKUP(B72,[5]Sheet1!$B$421:$K$628,10,FALSE) -> 0 | R72: =VLOOKUP(B72,[5]Sheet1!$B$213:$K$420,10,FALSE) -> 0 | S72: =VLOOKUP(B72,[5]Sheet1!$B$2:$K$207,10,FALSE) -> 0 | T72: =VLOOKUP(B72,[6]Sheet1!$B$421:$K$628,10,FALSE) -> 0 | U72: =VLOOKUP(B72,[6]Sheet1!$B$213:$K$420,10,FALSE) -> 0 | V72: =VLOOKUP(B72,[6]Sheet1!$B$2:$K$212,10,FALSE) -> 0 | W72: 0 | X72: 0 | Y72: 0 | Z72: 29.954873 | AA72: 36.773819 | AB72: 36.662195 | AC72: 36.484549 | AD72: 4.0113389 | AE72: 4.0418329 | AF72: 4.0825514 | AG72: 9.4335662 | AH72: 9.6432996 | AI72: =VLOOKUP(B72,[7]all!$A$2:$I$247,6,FALSE) -> 80.85 | AJ72: =VLOOKUP(B72,[7]all!$A$2:$I$247,7,FALSE) -> 80.77 | AK72: =VLOOKUP(B72,[7]all!$A$2:$I$247,8,FALSE) -> 80.75
A73: Gambia, The | B73: GMB | C73: =VLOOKUP(B73,'[1]who-regions'!$B$1:$D$206,3,FALSE) -> AFR | D73: =VLOOKUP(B73,'[2]Metadata - Countries'!$A$1:$B$266,2,FALSE) -> Sub-Saharan Africa | E73: =VLOOKUP(B73,'[2]Metadata - Countries'!$A$1:$C$266,3,FALSE) -> Low income | G73: 47.715992 | H73: =VLOOKUP(B73,[4]tas!$A$2:$H$247,5,FALSE) -> 28.78 | I73: =VLOOKUP(B73,[4]tas!$A$2:$H$247,6,FALSE) -> 28.74 | J73: =VLOOKUP(B73,[4]tas!$A$2:$H$247,7,FALSE) -> 28.83 | K73: 2.2047345e+09 | L73: 2.396111e+09 | M73: 2.50752e+09 | N73: =VLOOKUP(B73,[2]Data!$B$1:$G$267,4,FALSE) -> 836.24488 | O73: =VLOOKUP(B73,[2]Data!$B$1:$G$267,5,FALSE) -> 883.02411 | P73: =VLOOKUP(B73,[2]Data!$B$1:$G$267,6,FALSE) -> 871.34029 | Q73: =VLOOKUP(B73,[5]Sheet1!$B$421:$K$628,10,FALSE) -> 0 | R73: =VLOOKUP(B73,[5]Sheet1!$B$213:$K$420,10,FALSE) -> 0 | S73: =VLOOKUP(B73,[5]Sheet1!$B$2:$K$207,10,FALSE) -> 0 | T73: =VLOOKUP(B73,[6]Sheet1!$B$421:$K$628,10,FALSE) -> 0 | U73: =VLOOKUP(B73,[6]Sheet1!$B$213:$K$420,10,FALSE) -> 0 | V73: =VLOOKUP(B73,[6]Sheet1!$B$2:$K$212,10,FALSE) -> 0 | W73: 0 | X73: 0 | Y73: 0 | Z73: 58.36404 | AA73: 41.184387 | AB73: 40.730854 | AC73: 40.24799 | AD73: 2.889792 | AE73: 2.9778577 | AF73: 3.0782386 | AG73: 260.52075 | AH73: 266.58547 | AI73: =VLOOKUP(B73,[7]all!$A$2:$I$247,6,FALSE) -> 55.88 | AJ73: =VLOOKUP(B73,[7]all!$A$2:$I$247,7,FALSE) -> 55.89 | AK73: =VLOOKUP(B73,[7]all!$A$2:$I$247,8,FALSE) -> 55.76
A74: Georgia | B74: GEO | C74: =VLOOKUP(B74,'[1]who-regions'!$B$1:$D$206,3,FALSE) -> EUR | D74: =VLOOKUP(B74,'[2]Metadata - Countries'!$A$1:$B$266,2,FALSE) -> Europe & Central Asia | E74: =VLOOKUP(B74,'[2]Metadata - Countries'!$A$1:$C$266,3,FALSE) -> Upper middle income | G74: 86.258018 | H74: =VLOOKUP(B74,[4]tas!$A$2:$H$247,5,FALSE) -> 8.93 | I74: =VLOOKUP(B74,[4]tas!$A$2:$H$247,6,FALSE) -> 8.95 | J74: =VLOOKUP(B74,[4]tas!$A$2:$H$247,7,FALSE) -> 9.05 | K74: 2.4984569e+10 | L74: 3.0777834e+10 | M74: 3.3776141e+10 | N74: =VLOOKUP(B74,[2]Data!$B$1:$G$267,4,FALSE) -> 6729.8466 | O74: =VLOOKUP(B74,[2]Data!$B$1:$G$267,5,FALSE) -> 8283.6696 | P74: =VLOOKUP(B74,[2]Data!$B$1:$G$267,6,FALSE) -> 9241.4912 | Q74: =VLOOKUP(B74,[5]Sheet1!$B$421:$K$628,10,FALSE) -> 55.05 | R74: =VLOOKUP(B74,[5]Sheet1!$B$213:$K$420,10,FALSE) -> 42.8 | S74: =VLOOKUP(B74,[5]Sheet1!$B$2:$K$207,10,FALSE) -> 42.79 | T74: =VLOOKUP(B74,[6]Sheet1!$B$421:$K$628,10,FALSE) -> 10.28 | U74: =VLOOKUP(B74,[6]Sheet1!$B$213:$K$420,10,FALSE) -> 10.9 | V74: =VLOOKUP(B74,[6]Sheet1!$B$2:$K$212,10,FALSE) -> 10.91 | W74: 96.87085 | X74: 96.915138 | Y74: 0 | Z74: 17.043842 | AA74: 21.197191 | AB74: 21.040806 | AC74: 20.798769 | AD74: 15.086921 | AE74: 15.317458 | AF74: 15.637687 | AG74: 64.951573 | AH74: 65.003727 | AI74: =VLOOKUP(B74,[7]all!$A$2:$I$247,6,FALSE) -> 73.98 | AJ74: =VLOOKUP(B74,[7]all!$A$2:$I$247,7,FALSE) -> 74.04 | AK74: =VLOOKUP(B74,[7]all!$A$2:$I$247,8,FALSE) -> 74.07 | AL74: 16333
A75: Germany | B75: DEU | C75: =VLOOKUP(B75,'[1]who-regions'!$B$1:$D$206,3,FALSE) -> EUR | D75: =VLOOKUP(B75,'[2]Metadata - Countries'!$A$1:$B$266,2,FALSE) -> Europe & Central Asia | E75: =VLOOKUP(B75,'[2]Metadata - Countries'!$A$1:$C$266,3,FALSE) -> High income | G75: 99.226204 | H75: =VLOOKUP(B75,[4]tas!$A$2:$H$247,5,FALSE) -> 10.13 | I75: =VLOOKUP(B75,[4]tas!$A$2:$H$247,6,FALSE) -> 9.97 | J75: =VLOOKUP(B75,[4]tas!$A$2:$H$247,7,FALSE) -> 9.95 | K75: 4.1635964e+12 | L75: 4.5257039e+12 | M75: 4.6599293e+12 | N75: =VLOOKUP(B75,[2]Data!$B$1:$G$267,4,FALSE) -> 50506.518 | O75: =VLOOKUP(B75,[2]Data!$B$1:$G$267,5,FALSE) -> 54776.767 | P75: =VLOOKUP(B75,[2]Data!$B$1:$G$267,6,FALSE) -> 56103.732 | Q75: =VLOOKUP(B75,[5]Sheet1!$B$421:$K$628,10,FALSE) -> 0 | R75: =VLOOKUP(B75,[5]Sheet1!$B$213:$K$420,10,FALSE) -> 0 | S75: =VLOOKUP(B75,[5]Sheet1!$B$2:$K$207,10,FALSE) -> 0 | T75: =VLOOKUP(B75,[6]Sheet1!$B$421:$K$628,10,FALSE) -> 43.3 | U75: =VLOOKUP(B75,[6]Sheet1!$B$213:$K$420,10,FALSE) -> 40.4 | V75: =VLOOKUP(B75,[6]Sheet1!$B$2:$K$212,10,FALSE) -> 38.2 | W75: 0 | X75: 0 | Y75: 0 | Z75: 10.287689 | AA75: 13.912531 | AB75: 13.91557 | AC75: 13.91016 | AD75: 22.458906 | AE75: 22.790044 | AF75: 23.195587 | AG75: 239.86142 | AH75: 240.11082 | AI75: =VLOOKUP(B75,[7]all!$A$2:$I$247,6,FALSE) -> 77.72 | AJ75: =VLOOKUP(B75,[7]all!$A$2:$I$247,7,FALSE) -> 77.76 | AK75: =VLOOKUP(B75,[7]all!$A$2:$I$247,8,FALSE) -> 77.48
A76: Ghana | B76: GHA | C76: =VLOOKUP(B76,'[1]who-regions'!$B$1:$D$206,3,FALSE) -> AFR | D76: =VLOOKUP(B76,'[2]Metadata - Countries'!$A$1:$B$266,2,FALSE) -> Sub-Saharan Africa | E76: =VLOOKUP(B76,'[2]Metadata - Countries'!$A$1:$C$266,3,FALSE) -> Lower middle income | G76: 28.583887 | H76: =VLOOKUP(B76,[4]tas!$A$2:$H$247,5,FALSE) -> 28.01 | I76: =VLOOKUP(B76,[4]tas!$A$2:$H$247,6,FALSE) -> 28.04 | J76: =VLOOKUP(B76,[4]tas!$A$2:$H$247,7,FALSE) -> 28.11 | K76: 7.3919003e+10 | L76: 8.0547147e+10 | M76: 8.2825289e+10 | N76: =VLOOKUP(B76,[2]Data!$B$1:$G$267,4,FALSE) -> 2229.8912 | O76: =VLOOKUP(B76,[2]Data!$B$1:$G$267,5,FALSE) -> 2383.9041 | P76: =VLOOKUP(B76,[2]Data!$B$1:$G$267,6,FALSE) -> 2390.7724 | Q76: =VLOOKUP(B76,[5]Sheet1!$B$421:$K$628,10,FALSE) -> 0 | R76: =VLOOKUP(B76,[5]Sheet1!$B$213:$K$420,10,FALSE) -> 0 | S76: =VLOOKUP(B76,[5]Sheet1!$B$2:$K$207,10,FALSE) -> 0 | T76: =VLOOKUP(B76,[6]Sheet1!$B$421:$K$628,10,FALSE) -> 0 | U76: =VLOOKUP(B76,[6]Sheet1!$B$213:$K$420,10,FALSE) -> 0 | V76: =VLOOKUP(B76,[6]Sheet1!$B$2:$K$212,10,FALSE) -> 0 | W76: 0 | X76: 0 | Y76: 0 | Z76: 54.242787 | AA76: 36.529131 | AB76: 36.178919 | AC76: 35.818131 | AD76: 3.5615029 | AE76: 3.6318149 | AF76: 3.7083326 | AG76: 145.68943 | AH76: 148.49676 | AI76: =VLOOKUP(B76,[7]all!$A$2:$I$247,6,FALSE) -> 69.04 | AJ76: =VLOOKUP(B76,[7]all!$A$2:$I$247,7,FALSE) -> 69.09 | AK76: =VLOOKUP(B76,[7]all!$A$2:$I$247,8,FALSE) -> 68.98
A77: Gibraltar | B77: GIB | C77: None | D77: =VLOOKUP(B77,'[2]Metadata - Countries'!$A$1:$B$266,2,FALSE) -> Europe & Central Asia | E77: =VLOOKUP(B77,'[2]Metadata - Countries'!$A$1:$C$266,3,FALSE) -> High income | G77: 100 | H77: =VLOOKUP(B77,[4]tas!$A$2:$H$247,5,FALSE) -> 18.49 | I77: =VLOOKUP(B77,[4]tas!$A$2:$H$247,6,FALSE) -> 18.52 | J77: =VLOOKUP(B77,[4]tas!$A$2:$H$247,7,FALSE) -> 18.57 | K77: 0 | L77: 0 | M77: 0 | N77: =VLOOKUP(B77,[2]Data!$B$1:$G$267,4,FALSE) -> 0 | O77: =VLOOKUP(B77,[2]Data!$B$1:$G$267,5,FALSE) -> 0 | P77: =VLOOKUP(B77,[2]Data!$B$1:$G$267,6,FALSE) -> 0 | Q77: =VLOOKUP(B77,[5]Sheet1!$B$421:$K$628,10,FALSE) -> #N/A | R77: =VLOOKUP(B77,[5]Sheet1!$B$213:$K$420,10,FALSE) -> #N/A | S77: =VLOOKUP(B77,[5]Sheet1!$B$2:$K$207,10,FALSE) -> #N/A | T77: =VLOOKUP(B77,[6]Sheet1!$B$421:$K$628,10,FALSE) -> #N/A | U77: =VLOOKUP(B77,[6]Sheet1!$B$213:$K$420,10,FALSE) -> #N/A | V77: =VLOOKUP(B77,[6]Sheet1!$B$2:$K$212,10,FALSE) -> #N/A | W77: 0 | X77: 0 | Y77: 0 | Z77: 0 | AA77: 18.018054 | AB77: 17.792854 | AC77: 17.647283 | AD77: 17.337375 | AE77: 17.470529 | AF77: 17.6155 | AG77: 3760.9 | AH77: 3847.1 | AI77: =VLOOKUP(B77,[7]all!$A$2:$I$247,6,FALSE) -> 76.89 | AJ77: =VLOOKUP(B77,[7]all!$A$2:$I$247,7,FALSE) -> 76.98 | AK77: =VLOOKUP(B77,[7]all!$A$2:$I$247,8,FALSE) -> 76.92
A78: Greece | B78: GRC | C78: =VLOOKUP(B78,'[1]who-regions'!$B$1:$D$206,3,FALSE) -> EUR | D78: =VLOOKUP(B78,'[2]Metadata - Countries'!$A$1:$B$266,2,FALSE) -> Europe & Central Asia | E78: =VLOOKUP(B78,'[2]Metadata - Countries'!$A$1:$C$266,3,FALSE) -> High income | G78: 99.000583 | H78: =VLOOKUP(B78,[4]tas!$A$2:$H$247,5,FALSE) -> 15.82 | I78: =VLOOKUP(B78,[4]tas!$A$2:$H$247,6,FALSE) -> 15.79 | J78: =VLOOKUP(B78,[4]tas!$A$2:$H$247,7,FALSE) -> 15.87 | K78: 2.1888057e+11 | L78: 2.4349833e+11 | M78: 2.5714481e+11 | N78: =VLOOKUP(B78,[2]Data!$B$1:$G$267,4,FALSE) -> 20886.524 | O78: =VLOOKUP(B78,[2]Data!$B$1:$G$267,5,FALSE) -> 23343.71 | P78: =VLOOKUP(B78,[2]Data!$B$1:$G$267,6,FALSE) -> 24626.148 | Q78: =VLOOKUP(B78,[5]Sheet1!$B$421:$K$628,10,FALSE) -> 0 | R78: =VLOOKUP(B78,[5]Sheet1!$B$213:$K$420,10,FALSE) -> 0 | S78: =VLOOKUP(B78,[5]Sheet1!$B$2:$K$207,10,FALSE) -> 0 | T78: =VLOOKUP(B78,[6]Sheet1!$B$421:$K$628,10,FALSE) -> 66.44 | U78: =VLOOKUP(B78,[6]Sheet1!$B$213:$K$420,10,FALSE) -> 65.11 | V78: =VLOOKUP(B78,[6]Sheet1!$B$2:$K$212,10,FALSE) -> 60.9 | W78: 99.549263 | X78: 0 | Y78: 0 | Z78: 14.408928 | AA78: 13.848247 | AB78: 13.586815 | AC78: 13.219409 | AD78: 23.228174 | AE78: 23.482998 | AF78: 23.939763 | AG78: 80.968829 | AH78: 80.726051 | AI78: =VLOOKUP(B78,[7]all!$A$2:$I$247,6,FALSE) -> 69.24 | AJ78: =VLOOKUP(B78,[7]all!$A$2:$I$247,7,FALSE) -> 69.54 | AK78: =VLOOKUP(B78,[7]all!$A$2:$I$247,8,FALSE) -> 69.75 | AL78: 21682
A79: Greenland | B79: GRL | C79: None | D79: =VLOOKUP(B79,'[2]Metadata - Countries'!$A$1:$B$266,2,FALSE) -> Europe & Central Asia | E79: =VLOOKUP(B79,'[2]Metadata - Countries'!$A$1:$C$266,3,FALSE) -> High income | G79: 62.5 | H79: =VLOOKUP(B79,[4]tas!$A$2:$H$247,5,FALSE) -> -17.38 | I79: =VLOOKUP(B79,[4]tas!$A$2:$H$247,6,FALSE) -> -17.31 | J79: =VLOOKUP(B79,[4]tas!$A$2:$H$247,7,FALSE) -> -17.13 | K79: 3.1523348e+09 | L79: 3.3265442e+09 | M79: 0 | N79: =VLOOKUP(B79,[2]Data!$B$1:$G$267,4,FALSE) -> 55635.001 | O79: =VLOOKUP(B79,[2]Data!$B$1:$G$267,5,FALSE) -> 58498.971 | P79: =VLOOKUP(B79,[2]Data!$B$1:$G$267,6,FALSE) -> 0 | Q79: =VLOOKUP(B79,[5]Sheet1!$B$421:$K$628,10,FALSE) -> #N/A | R79: =VLOOKUP(B79,[5]Sheet1!$B$213:$K$420,10,FALSE) -> #N/A | S79: =VLOOKUP(B79,[5]Sheet1!$B$2:$K$207,10,FALSE) -> #N/A | T79: =VLOOKUP(B79,[6]Sheet1!$B$421:$K$628,10,FALSE) -> #N/A | U79: =VLOOKUP(B79,[6]Sheet1!$B$213:$K$420,10,FALSE) -> #N/A | V79: =VLOOKUP(B79,[6]Sheet1!$B$2:$K$212,10,FALSE) -> #N/A | W79: 0 | X79: 0 | Y79: 0 | Z79: 6.5562475 | AA79: 20.803529 | AB79: 20.802897 | AC79: 20.803374 | AD79: 9.5784106 | AE79: 10.119362 | AF79: 10.808657 | AG79: 0.13804605 | AH79: 0.13854306 | AI79: =VLOOKUP(B79,[7]all!$A$2:$I$247,6,FALSE) -> 72.72 | AJ79: =VLOOKUP(B79,[7]all!$A$2:$I$247,7,FALSE) -> 72.64 | AK79: =VLOOKUP(B79,[7]all!$A$2:$I$247,8,FALSE) -> 72.68
A80: Grenada | B80: GRD | C80: =VLOOKUP(B80,'[1]who-regions'!$B$1:$D$206,3,FALSE) -> AMR | D80: =VLOOKUP(B80,'[2]Metadata - Countries'!$A$1:$B$266,2,FALSE) -> Latin America & Caribbean | E80: =VLOOKUP(B80,'[2]Metadata - Countries'!$A$1:$C$266,3,FALSE) -> Upper middle income | G80: 0 | H80: =VLOOKUP(B80,[4]tas!$A$2:$H$247,5,FALSE) -> 26.82 | I80: =VLOOKUP(B80,[4]tas!$A$2:$H$247,6,FALSE) -> 26.84 | J80: =VLOOKUP(B80,[4]tas!$A$2:$H$247,7,FALSE) -> 26.88 | K80: 1.2317321e+09 | L80: 1323985600 | M80: 1.391436e+09 | N80: =VLOOKUP(B80,[2]Data!$B$1:$G$267,4,FALSE) -> 10469.387 | O80: =VLOOKUP(B80,[2]Data!$B$1:$G$267,5,FALSE) -> 11414.478 | P80: =VLOOKUP(B80,[2]Data!$B$1:$G$267,6,FALSE) -> 11705.09 | Q80: =VLOOKUP(B80,[5]Sheet1!$B$421:$K$628,10,FALSE) -> 0 | R80: =VLOOKUP(B80,[5]Sheet1!$B$213:$K$420,10,FALSE) -> 0 | S80: =VLOOKUP(B80,[5]Sheet1!$B$2:$K$207,10,FALSE) -> 0 | T80: =VLOOKUP(B80,[6]Sheet1!$B$421:$K$628,10,FALSE) -> 0 | U80: =VLOOKUP(B80,[6]Sheet1!$B$213:$K$420,10,FALSE) -> 0 | V80: =VLOOKUP(B80,[6]Sheet1!$B$2:$K$212,10,FALSE) -> 0 | W80: 0 | X80: 0 | Y80: 0 | Z80: 24.657242 | AA80: 20.220164 | AB80: 19.846089 | AC80: 19.441162 | AD80: 11.521388 | AE80: 11.870414 | AF80: 12.239404 | AG80: 343.86176 | AH80: 344.35588 | AI80: =VLOOKUP(B80,[7]all!$A$2:$I$247,6,FALSE) -> 81.9 | AJ80: =VLOOKUP(B80,[7]all!$A$2:$I$247,7,FALSE) -> 82 | AK80: =VLOOKUP(B80,[7]all!$A$2:$I$247,8,FALSE) -> 81.91
A81: Guam | B81: GUM | C81: =VLOOKUP(B81,'[1]who-regions'!$B$1:$D$206,3,FALSE) -> WPR | D81: =VLOOKUP(B81,'[2]Metadata - Countries'!$A$1:$B$266,2,FALSE) -> East Asia & Pacific | E81: =VLOOKUP(B81,'[2]Metadata - Countries'!$A$1:$C$266,3,FALSE) -> High income | G81: 90.376579 | H81: =VLOOKUP(B81,[4]tas!$A$2:$H$247,5,FALSE) -> 27.36 | I81: =VLOOKUP(B81,[4]tas!$A$2:$H$247,6,FALSE) -> 27.38 | J81: =VLOOKUP(B81,[4]tas!$A$2:$H$247,7,FALSE) -> 27.39 | K81: 6910000000 | L81: 0 | M81: 0 | N81: =VLOOKUP(B81,[2]Data!$B$1:$G$267,4,FALSE) -> 41833.152 | O81: =VLOOKUP(B81,[2]Data!$B$1:$G$267,5,FALSE) -> 0 | P81: =VLOOKUP(B81,[2]Data!$B$1:$G$267,6,FALSE) -> 0 | Q81: =VLOOKUP(B81,[5]Sheet1!$B$421:$K$628,10,FALSE) -> #N/A | R81: =VLOOKUP(B81,[5]Sheet1!$B$213:$K$420,10,FALSE) -> 0 | S81: =VLOOKUP(B81,[5]Sheet1!$B$2:$K$207,10,FALSE) -> 0 | T81: =VLOOKUP(B81,[6]Sheet1!$B$421:$K$628,10,FALSE) -> #N/A | U81: =VLOOKUP(B81,[6]Sheet1!$B$213:$K$420,10,FALSE) -> 0 | V81: =VLOOKUP(B81,[6]Sheet1!$B$2:$K$212,10,FALSE) -> 0 | W81: 0 | X81: 0 | Y81: 0 | Z81: 9.5751055 | AA81: 25.987105 | AB81: 26.020005 | AC81: 25.983001 | AD81: 11.64124 | AE81: 12.116944 | AF81: 12.602145 | AG81: 305.88889 | AH81: 308.34444 | AI81: =VLOOKUP(B81,[7]all!$A$2:$I$247,6,FALSE) -> 82.96 | AJ81: =VLOOKUP(B81,[7]all!$A$2:$I$247,7,FALSE) -> 83.1 | AK81: =VLOOKUP(B81,[7]all!$A$2:$I$247,8,FALSE) -> 83.09
A82: Guatemala | B82: GTM | C82: =VLOOKUP(B82,'[1]who-regions'!$B$1:$D$206,3,FALSE) -> AMR | D82: =VLOOKUP(B82,'[2]Metadata - Countries'!$A$1:$B$266,2,FALSE) -> Latin America & Caribbean | E82: =VLOOKUP(B82,'[2]Metadata - Countries'!$A$1:$C$266,3,FALSE) -> Upper middle income | G82: 69.621728 | H82: =VLOOKUP(B82,[4]tas!$A$2:$H$247,5,FALSE) -> 23.75 | I82: =VLOOKUP(B82,[4]tas!$A$2:$H$247,6,FALSE) -> 23.82 | J82: =VLOOKUP(B82,[4]tas!$A$2:$H$247,7,FALSE) -> 23.83 | K82: 9.5641441e+10 | L82: 1.0436841e+11 | M82: 1.1319959e+11 | N82: =VLOOKUP(B82,[2]Data!$B$1:$G$267,4,FALSE) -> 5358.7016 | O82: =VLOOKUP(B82,[2]Data!$B$1:$G$267,5,FALSE) -> 5758.3276 | P82: =VLOOKUP(B82,[2]Data!$B$1:$G$267,6,FALSE) -> 6150.0257 | Q82: =VLOOKUP(B82,[5]Sheet1!$B$421:$K$628,10,FALSE) -> 0 | R82: =VLOOKUP(B82,[5]Sheet1!$B$213:$K$420,10,FALSE) -> 0 | S82: =VLOOKUP(B82,[5]Sheet1!$B$2:$K$207,10,FALSE) -> 0 | T82: =VLOOKUP(B82,[6]Sheet1!$B$421:$K$628,10,FALSE) -> 3.41 | U82: =VLOOKUP(B82,[6]Sheet1!$B$213:$K$420,10,FALSE) -> 4.62 | V82: =VLOOKUP(B82,[6]Sheet1!$B$2:$K$212,10,FALSE) -> 6.54 | W82: 79.960678 | X82: 86.626183 | Y82: 0 | Z82: 21.635736 | AA82: 32.714028 | AB82: 32.137747 | AC82: 31.577128 | AD82: 4.6298924 | AE82: 4.7347404 | AF82: 4.8493349 | AG82: 166.55354 | AH82: 169.13809 | AI82: =VLOOKUP(B82,[7]all!$A$2:$I$247,6,FALSE) -> 76.26 | AJ82: =VLOOKUP(B82,[7]all!$A$2:$I$247,7,FALSE) -> 76.11 | AK82: =VLOOKUP(B82,[7]all!$A$2:$I$247,8,FALSE) -> 76.36
A83: Guinea | B83: GIN | C83: =VLOOKUP(B83,'[1]who-regions'!$B$1:$D$206,3,FALSE) -> AFR | D83: =VLOOKUP(B83,'[2]Metadata - Countries'!$A$1:$B$266,2,FALSE) -> Sub-Saharan Africa | E83: =VLOOKUP(B83,'[2]Metadata - Countries'!$A$1:$C$266,3,FALSE) -> Lower middle income | G83: 31.270742 | H83: =VLOOKUP(B83,[4]tas!$A$2:$H$247,5,FALSE) -> 26.92 | I83: =VLOOKUP(B83,[4]tas!$A$2:$H$247,6,FALSE) -> 26.94 | J83: =VLOOKUP(B83,[4]tas!$A$2:$H$247,7,FALSE) -> 27.03 | K83: 1.9910453e+10 | L83: 2.2407616e+10 | M83: 2.5334308e+10 | N83: =VLOOKUP(B83,[2]Data!$B$1:$G$267,4,FALSE) -> 1416.5961 | O83: =VLOOKUP(B83,[2]Data!$B$1:$G$267,5,FALSE) -> 1555.4938 | P83: =VLOOKUP(B83,[2]Data!$B$1:$G$267,6,FALSE) -> 1694.9538 | Q83: =VLOOKUP(B83,[5]Sheet1!$B$421:$K$628,10,FALSE) -> 0 | R83: =VLOOKUP(B83,[5]Sheet1!$B$213:$K$420,10,FALSE) -> 0 | S83: =VLOOKUP(B83,[5]Sheet1!$B$2:$K$207,10,FALSE) -> 0 | T83: =VLOOKUP(B83,[6]Sheet1!$B$421:$K$628,10,FALSE) -> 0 | U83: =VLOOKUP(B83,[6]Sheet1!$B$213:$K$420,10,FALSE) -> 0 | V83: =VLOOKUP(B83,[6]Sheet1!$B$2:$K$212,10,FALSE) -> 0 | W83: 0 | X83: 0 | Y83: 0 | Z83: 43.767445 | AA83: 41.56973 | AB83: 41.24294 | AC83: 40.901157 | AD83: 3.4310409 | AE83: 3.4410579 | AF83: 3.4551163 | AG83: 57.199809 | AH83: 58.625541 | AI83: =VLOOKUP(B83,[7]all!$A$2:$I$247,6,FALSE) -> 63.69 | AJ83: =VLOOKUP(B83,[7]all!$A$2:$I$247,7,FALSE) -> 63.73 | AK83: =VLOOKUP(B83,[7]all!$A$2:$I$247,8,FALSE) -> 63.54
A84: Guinea-Bissau | B84: GNB | C84: =VLOOKUP(B84,'[1]who-regions'!$B$1:$D$206,3,FALSE) -> AFR | D84: =VLOOKUP(B84,'[2]Metadata - Countries'!$A$1:$B$266,2,FALSE) -> Sub-Saharan Africa | E84: =VLOOKUP(B84,'[2]Metadata - Countries'!$A$1:$C$266,3,FALSE) -> Low income | G84: 27.843819 | H84: =VLOOKUP(B84,[4]tas!$A$2:$H$247,5,FALSE) -> 28.49 | I84: =VLOOKUP(B84,[4]tas!$A$2:$H$247,6,FALSE) -> 28.47 | J84: =VLOOKUP(B84,[4]tas!$A$2:$H$247,7,FALSE) -> 28.54 | K84: 1.8390487e+09 | L84: 2.0778161e+09 | M84: 2.1198659e+09 | N84: =VLOOKUP(B84,[2]Data!$B$1:$G$267,4,FALSE) -> 883.19913 | O84: =VLOOKUP(B84,[2]Data!$B$1:$G$267,5,FALSE) -> 988.08789 | P84: =VLOOKUP(B84,[2]Data!$B$1:$G$267,6,FALSE) -> 1007.7415 | Q84: =VLOOKUP(B84,[5]Sheet1!$B$421:$K$628,10,FALSE) -> 0 | R84: =VLOOKUP(B84,[5]Sheet1!$B$213:$K$420,10,FALSE) -> 0 | S84: =VLOOKUP(B84,[5]Sheet1!$B$2:$K$207,10,FALSE) -> 0 | T84: =VLOOKUP(B84,[6]Sheet1!$B$421:$K$628,10,FALSE) -> 0 | U84: =VLOOKUP(B84,[6]Sheet1!$B$213:$K$420,10,FALSE) -> 0 | V84: =VLOOKUP(B84,[6]Sheet1!$B$2:$K$212,10,FALSE) -> 0 | W84: 0 | X84: 0 | Y84: 0 | Z84: 50.212766 | AA84: 39.704749 | AB84: 39.242358 | AC84: 38.785914 | AD84: 3.0902923 | AE84: 3.1425614 | AF84: 3.1918566 | AG84: 74.876565 | AH84: 76.576778 | AI84: =VLOOKUP(B84,[7]all!$A$2:$I$247,6,FALSE) -> 62.48 | AJ84: =VLOOKUP(B84,[7]all!$A$2:$I$247,7,FALSE) -> 62.35 | AK84: =VLOOKUP(B84,[7]all!$A$2:$I$247,8,FALSE) -> 62.14
A85: Guyana | B85: GUY | C85: =VLOOKUP(B85,'[1]who-regions'!$B$1:$D$206,3,FALSE) -> AMR | D85: =VLOOKUP(B85,'[2]Metadata - Countries'!$A$1:$B$266,2,FALSE) -> Latin America & Caribbean | E85: =VLOOKUP(B85,'[2]Metadata - Countries'!$A$1:$C$266,3,FALSE) -> High income | G85: 90.989207 | H85: =VLOOKUP(B85,[4]tas!$A$2:$H$247,5,FALSE) -> 26.5 | I85: =VLOOKUP(B85,[4]tas!$A$2:$H$247,6,FALSE) -> 26.5 | J85: =VLOOKUP(B85,[4]tas!$A$2:$H$247,7,FALSE) -> 26.53 | K85: 1.4718388e+10 | L85: 1.6918504e+10 | M85: 2.48359e+10 | N85: =VLOOKUP(B85,[2]Data!$B$1:$G$267,4,FALSE) -> 17913.493 | O85: =VLOOKUP(B85,[2]Data!$B$1:$G$267,5,FALSE) -> 20473.7 | P85: =VLOOKUP(B85,[2]Data!$B$1:$G$267,6,FALSE) -> 29675.244 | Q85: =VLOOKUP(B85,[5]Sheet1!$B$421:$K$628,10,FALSE) -> 0 | R85: =VLOOKUP(B85,[5]Sheet1!$B$213:$K$420,10,FALSE) -> 0 | S85: =VLOOKUP(B85,[5]Sheet1!$B$2:$K$207,10,FALSE) -> 0 | T85: =VLOOKUP(B85,[6]Sheet1!$B$421:$K$628,10,FALSE) -> 0 | U85: =VLOOKUP(B85,[6]Sheet1!$B$213:$K$420,10,FALSE) -> 0 | V85: =VLOOKUP(B85,[6]Sheet1!$B$2:$K$212,10,FALSE) -> 0 | W85: 0 | X85: 0 | Y85: 0 | Z85: 25.460668 | AA85: 29.403009 | AB85: 29.323243 | AC85: 29.160563 | AD85: 6.2224559 | AE85: 6.4795553 | AF85: 6.7349187 | AG85: 3.8914322 | AH85: 3.9137681 | AI85: =VLOOKUP(B85,[7]all!$A$2:$I$247,6,FALSE) -> 78.52 | AJ85: =VLOOKUP(B85,[7]all!$A$2:$I$247,7,FALSE) -> 78.36 | AK85: =VLOOKUP(B85,[7]all!$A$2:$I$247,8,FALSE) -> 78.27
A86: Haiti | B86: HTI | C86: =VLOOKUP(B86,'[1]who-regions'!$B$1:$D$206,3,FALSE) -> AMR | D86: =VLOOKUP(B86,'[2]Metadata - Countries'!$A$1:$B$266,2,FALSE) -> Latin America & Caribbean | E86: =VLOOKUP(B86,'[2]Metadata - Countries'!$A$1:$C$266,3,FALSE) -> Lower middle income | G86: 37.475879 | H86: =VLOOKUP(B86,[4]tas!$A$2:$H$247,5,FALSE) -> 25.86 | I86: =VLOOKUP(B86,[4]tas!$A$2:$H$247,6,FALSE) -> 25.89 | J86: =VLOOKUP(B86,[4]tas!$A$2:$H$247,7,FALSE) -> 25.9 | K86: 2.0253552e+10 | L86: 1.9850586e+10 | M86: 2.5224155e+10 | N86: =VLOOKUP(B86,[2]Data!$B$1:$G$267,4,FALSE) -> 1760.6264 | O86: =VLOOKUP(B86,[2]Data!$B$1:$G$267,5,FALSE) -> 1705.7581 | P86: =VLOOKUP(B86,[2]Data!$B$1:$G$267,6,FALSE) -> 2142.6233 | Q86: =VLOOKUP(B86,[5]Sheet1!$B$421:$K$628,10,FALSE) -> 0 | R86: =VLOOKUP(B86,[5]Sheet1!$B$213:$K$420,10,FALSE) -> 0 | S86: =VLOOKUP(B86,[5]Sheet1!$B$2:$K$207,10,FALSE) -> 0 | T86: =VLOOKUP(B86,[6]Sheet1!$B$421:$K$628,10,FALSE) -> 0 | U86: =VLOOKUP(B86,[6]Sheet1!$B$213:$K$420,10,FALSE) -> 0 | V86: =VLOOKUP(B86,[6]Sheet1!$B$2:$K$212,10,FALSE) -> 0 | W86: 0 | X86: 0 | Y86: 0 | Z86: 21.350255 | AA86: 31.932491 | AB86: 31.572198 | AC86: 31.188641 | AD86: 4.5407197 | AE86: 4.6181541 | AF86: 4.7052182 | AG86: 417.40225 | AH86: 422.25682 | AI86: =VLOOKUP(B86,[7]all!$A$2:$I$247,6,FALSE) -> 75.68 | AJ86: =VLOOKUP(B86,[7]all!$A$2:$I$247,7,FALSE) -> 75.67 | AK86: =VLOOKUP(B86,[7]all!$A$2:$I$247,8,FALSE) -> 75.7
A87: Honduras | B87: HND | C87: =VLOOKUP(B87,'[1]who-regions'!$B$1:$D$206,3,FALSE) -> AMR | D87: =VLOOKUP(B87,'[2]Metadata - Countries'!$A$1:$B$266,2,FALSE) -> Latin America & Caribbean | E87: =VLOOKUP(B87,'[2]Metadata - Countries'!$A$1:$C$266,3,FALSE) -> Lower middle income | G87: 84.396991 | H87: =VLOOKUP(B87,[4]tas!$A$2:$H$247,5,FALSE) -> 24.55 | I87: =VLOOKUP(B87,[4]tas!$A$2:$H$247,6,FALSE) -> 24.6 | J87: =VLOOKUP(B87,[4]tas!$A$2:$H$247,7,FALSE) -> 24.61 | K87: 3.1426042e+10 | L87: 3.4355806e+10 | M87: 3.7093566e+10 | N87: =VLOOKUP(B87,[2]Data!$B$1:$G$267,4,FALSE) -> 3003.29 | O87: =VLOOKUP(B87,[2]Data!$B$1:$G$267,5,FALSE) -> 3227.4576 | P87: =VLOOKUP(B87,[2]Data!$B$1:$G$267,6,FALSE) -> 3426.4348 | Q87: =VLOOKUP(B87,[5]Sheet1!$B$421:$K$628,10,FALSE) -> 0 | R87: =VLOOKUP(B87,[5]Sheet1!$B$213:$K$420,10,FALSE) -> 0 | S87: =VLOOKUP(B87,[5]Sheet1!$B$2:$K$207,10,FALSE) -> 0 | T87: =VLOOKUP(B87,[6]Sheet1!$B$421:$K$628,10,FALSE) -> 103.03 | U87: =VLOOKUP(B87,[6]Sheet1!$B$213:$K$420,10,FALSE) -> 73.21 | V87: =VLOOKUP(B87,[6]Sheet1!$B$2:$K$212,10,FALSE) -> 62.36 | W87: 88.206299 | X87: 79.877022 | Y87: 0 | Z87: 20.313683 | AA87: 31.386369 | AB87: 30.99615 | AC87: 30.621206 | AD87: 4.1666507 | AE87: 4.2927233 | AF87: 4.4177221 | AG87: 93.519278 | AH87: 95.13675 | AI87: =VLOOKUP(B87,[7]all!$A$2:$I$247,6,FALSE) -> 76.19 | AJ87: =VLOOKUP(B87,[7]all!$A$2:$I$247,7,FALSE) -> 75.95 | AK87: =VLOOKUP(B87,[7]all!$A$2:$I$247,8,FALSE) -> 76.27
A88: Hong Kong SAR, China | B88: HKG | C88: =VLOOKUP(B88,'[1]who-regions'!$B$1:$D$206,3,FALSE) -> WPR | D88: =VLOOKUP(B88,'[2]Metadata - Countries'!$A$1:$B$266,2,FALSE) -> East Asia & Pacific | E88: =VLOOKUP(B88,'[2]Metadata - Countries'!$A$1:$C$266,3,FALSE) -> High income | G88: 96.504174 | H88: =VLOOKUP(B88,[4]tas!$A$2:$H$247,5,FALSE) -> 23.57 | I88: =VLOOKUP(B88,[4]tas!$A$2:$H$247,6,FALSE) -> 23.63 | J88: =VLOOKUP(B88,[4]tas!$A$2:$H$247,7,FALSE) -> 23.66 | K88: 3.5867953e+11 | L88: 3.810664e+11 | M88: 4.0710674e+11 | N88: =VLOOKUP(B88,[2]Data!$B$1:$G$267,4,FALSE) -> 48825.844 | O88: =VLOOKUP(B88,[2]Data!$B$1:$G$267,5,FALSE) -> 50562.363 | P88: =VLOOKUP(B88,[2]Data!$B$1:$G$267,6,FALSE) -> 54074.693 | Q88: =VLOOKUP(B88,[5]Sheet1!$B$421:$K$628,10,FALSE) -> 0 | R88: =VLOOKUP(B88,[5]Sheet1!$B$213:$K$420,10,FALSE) -> 0 | S88: =VLOOKUP(B88,[5]Sheet1!$B$2:$K$207,10,FALSE) -> 0 | T88: =VLOOKUP(B88,[6]Sheet1!$B$421:$K$628,10,FALSE) -> 23.39 | U88: =VLOOKUP(B88,[6]Sheet1!$B$213:$K$420,10,FALSE) -> 30.95 | V88: =VLOOKUP(B88,[6]Sheet1!$B$2:$K$212,10,FALSE) -> 33.6 | W88: 0 | X88: 95.579514 | Y88: 0 | Z88: 0 | AA88: 10.911168 | AB88: 10.699025 | AC88: 10.507822 | AD88: 20.684424 | AE88: 21.645257 | AF88: 22.667148 | AG88: 6996.2857 | AH88: 7177.2381 | AI88: =VLOOKUP(B88,[7]all!$A$2:$I$247,6,FALSE) -> 78.68 | AJ88: =VLOOKUP(B88,[7]all!$A$2:$I$247,7,FALSE) -> 78.69 | AK88: =VLOOKUP(B88,[7]all!$A$2:$I$247,8,FALSE) -> 78.64
A89: Hungary | B89: HUN | C89: =VLOOKUP(B89,'[1]who-regions'!$B$1:$D$206,3,FALSE) -> EUR | D89: =VLOOKUP(B89,'[2]Metadata - Countries'!$A$1:$B$266,2,FALSE) -> Europe & Central Asia | E89: =VLOOKUP(B89,'[2]Metadata - Countries'!$A$1:$C$266,3,FALSE) -> High income | G89: 97.978737 | H89: =VLOOKUP(B89,[4]tas!$A$2:$H$247,5,FALSE) -> 12.35 | I89: =VLOOKUP(B89,[4]tas!$A$2:$H$247,6,FALSE) -> 12.35 | J89: =VLOOKUP(B89,[4]tas!$A$2:$H$247,7,FALSE) -> 12.34 | K89: 1.775367e+11 | L89: 2.1402257e+11 | M89: 2.2290472e+11 | N89: =VLOOKUP(B89,[2]Data!$B$1:$G$267,4,FALSE) -> 18428.029 | O89: =VLOOKUP(B89,[2]Data!$B$1:$G$267,5,FALSE) -> 22230.628 | P89: =VLOOKUP(B89,[2]Data!$B$1:$G$267,6,FALSE) -> 23292.326 | Q89: =VLOOKUP(B89,[5]Sheet1!$B$421:$K$628,10,FALSE) -> 0 | R89: =VLOOKUP(B89,[5]Sheet1!$B$213:$K$420,10,FALSE) -> 0 | S89: =VLOOKUP(B89,[5]Sheet1!$B$2:$K$207,10,FALSE) -> 0 | T89: =VLOOKUP(B89,[6]Sheet1!$B$421:$K$628,10,FALSE) -> 19.79 | U89: =VLOOKUP(B89,[6]Sheet1!$B$213:$K$420,10,FALSE) -> 20.05 | V89: =VLOOKUP(B89,[6]Sheet1!$B$2:$K$212,10,FALSE) -> 14.9 | W89: 99.018402 | X89: 0 | Y89: 0 | Z89: 14.1365 | AA89: 14.550589 | AB89: 14.485457 | AC89: 14.401381 | AD89: 20.607559 | AE89: 20.819084 | AF89: 20.993197 | AG89: 105.24955 | AH89: 105.10833 | AI89: =VLOOKUP(B89,[7]all!$A$2:$I$247,6,FALSE) -> 71.26 | AJ89: =VLOOKUP(B89,[7]all!$A$2:$I$247,7,FALSE) -> 71.46 | AK89: =VLOOKUP(B89,[7]all!$A$2:$I$247,8,FALSE) -> 71.53 | AL89: 45511
A90: Iceland | B90: ISL | C90: =VLOOKUP(B90,'[1]who-regions'!$B$1:$D$206,3,FALSE) -> EUR | D90: =VLOOKUP(B90,'[2]Metadata - Countries'!$A$1:$B$266,2,FALSE) -> Europe & Central Asia | E90: =VLOOKUP(B90,'[2]Metadata - Countries'!$A$1:$C$266,3,FALSE) -> High income | G90: 98.779327 | H90: =VLOOKUP(B90,[4]tas!$A$2:$H$247,5,FALSE) -> 1.79 | I90: =VLOOKUP(B90,[4]tas!$A$2:$H$247,6,FALSE) -> 1.78 | J90: =VLOOKUP(B90,[4]tas!$A$2:$H$247,7,FALSE) -> 1.93 | K90: 2.8696453e+10 | L90: 3.1452224e+10 | M90: 3.3462808e+10 | N90: =VLOOKUP(B90,[2]Data!$B$1:$G$267,4,FALSE) -> 76350.455 | O90: =VLOOKUP(B90,[2]Data!$B$1:$G$267,5,FALSE) -> 82138.789 | P90: =VLOOKUP(B90,[2]Data!$B$1:$G$267,6,FALSE) -> 86040.531 | Q90: =VLOOKUP(B90,[5]Sheet1!$B$421:$K$628,10,FALSE) -> 0 | R90: =VLOOKUP(B90,[5]Sheet1!$B$213:$K$420,10,FALSE) -> 0 | S90: =VLOOKUP(B90,[5]Sheet1!$B$2:$K$207,10,FALSE) -> 0 | T90: =VLOOKUP(B90,[6]Sheet1!$B$421:$K$628,10,FALSE) -> 54.39 | U90: =VLOOKUP(B90,[6]Sheet1!$B$213:$K$420,10,FALSE) -> 54.22 | V90: =VLOOKUP(B90,[6]Sheet1!$B$2:$K$212,10,FALSE) -> 48.9 | W90: 0 | X90: 0 | Y90: 0 | Z90: 5.1055483 | AA90: 18.378333 | AB90: 18.05603 | AC90: 17.763421 | AD90: 15.110995 | AE90: 15.348303 | AF90: 15.644815 | AG90: 3.7885847 | AH90: 3.9011108 | AI90: =VLOOKUP(B90,[7]all!$A$2:$I$247,6,FALSE) -> 83.1 | AJ90: =VLOOKUP(B90,[7]all!$A$2:$I$247,7,FALSE) -> 83.22 | AK90: =VLOOKUP(B90,[7]all!$A$2:$I$247,8,FALSE) -> 83.21
A91: India | B91: IND | C91: =VLOOKUP(B91,'[1]who-regions'!$B$1:$D$206,3,FALSE) -> SEAR | D91: =VLOOKUP(B91,'[2]Metadata - Countries'!$A$1:$B$266,2,FALSE) -> South Asia | E91: =VLOOKUP(B91,'[2]Metadata - Countries'!$A$1:$C$266,3,FALSE) -> Lower middle income | G91: 78.38856 | H91: =VLOOKUP(B91,[4]tas!$A$2:$H$247,5,FALSE) -> 24.71 | I91: =VLOOKUP(B91,[4]tas!$A$2:$H$247,6,FALSE) -> 24.76 | J91: =VLOOKUP(B91,[4]tas!$A$2:$H$247,7,FALSE) -> 24.79 | K91: 3.3461073e+12 | L91: 3.6384891e+12 | M91: 3.9126862e+12 | N91: =VLOOKUP(B91,[2]Data!$B$1:$G$267,4,FALSE) -> 2347.4483 | O91: =VLOOKUP(B91,[2]Data!$B$1:$G$267,5,FALSE) -> 2530.1203 | P91: =VLOOKUP(B91,[2]Data!$B$1:$G$267,6,FALSE) -> 2694.7378 | Q91: =VLOOKUP(B91,[5]Sheet1!$B$421:$K$628,10,FALSE) -> 0 | R91: =VLOOKUP(B91,[5]Sheet1!$B$213:$K$420,10,FALSE) -> 0 | S91: =VLOOKUP(B91,[5]Sheet1!$B$2:$K$207,10,FALSE) -> 0 | T91: =VLOOKUP(B91,[6]Sheet1!$B$421:$K$628,10,FALSE) -> 0 | U91: =VLOOKUP(B91,[6]Sheet1!$B$213:$K$420,10,FALSE) -> 0 | V91: =VLOOKUP(B91,[6]Sheet1!$B$2:$K$212,10,FALSE) -> 0 | W91: 0 | X91: 74.189957 | Y91: 0 | Z91: 48.394812 | AA91: 25.487704 | AB91: 25.057062 | AC91: 24.623903 | AD91: 6.6989998 | AE91: 6.9218433 | AF91: 7.1465171 | AG91: 479.42554 | AH91: 483.67901 | AI91: =VLOOKUP(B91,[7]all!$A$2:$I$247,6,FALSE) -> 62.4 | AJ91: =VLOOKUP(B91,[7]all!$A$2:$I$247,7,FALSE) -> 62.28 | AK91: =VLOOKUP(B91,[7]all!$A$2:$I$247,8,FALSE) -> 62.21
A92: Indonesia | B92: IDN | C92: =VLOOKUP(B92,'[1]who-regions'!$B$1:$D$206,3,FALSE) -> SEAR | D92: =VLOOKUP(B92,'[2]Metadata - Countries'!$A$1:$B$266,2,FALSE) -> East Asia & Pacific | E92: =VLOOKUP(B92,'[2]Metadata - Countries'!$A$1:$C$266,3,FALSE) -> Upper middle income | G92: 88.156881 | H92: =VLOOKUP(B92,[4]tas!$A$2:$H$247,5,FALSE) -> 25.93 | I92: =VLOOKUP(B92,[4]tas!$A$2:$H$247,6,FALSE) -> 25.94 | J92: =VLOOKUP(B92,[4]tas!$A$2:$H$247,7,FALSE) -> 25.98 | K92: 1.3191012e+12 | L92: 1.3711693e+12 | M92: 1.3963001e+12 | N92: =VLOOKUP(B92,[2]Data!$B$1:$G$267,4,FALSE) -> 4730.8348 | O92: =VLOOKUP(B92,[2]Data!$B$1:$G$267,5,FALSE) -> 4876.3077 | P92: =VLOOKUP(B92,[2]Data!$B$1:$G$267,6,FALSE) -> 4925.4305 | Q92: =VLOOKUP(B92,[5]Sheet1!$B$421:$K$628,10,FALSE) -> 0 | R92: =VLOOKUP(B92,[5]Sheet1!$B$213:$K$420,10,FALSE) -> 0 | S92: =VLOOKUP(B92,[5]Sheet1!$B$2:$K$207,10,FALSE) -> 0 | T92: =VLOOKUP(B92,[6]Sheet1!$B$421:$K$628,10,FALSE) -> 0 | U92: =VLOOKUP(B92,[6]Sheet1!$B$213:$K$420,10,FALSE) -> 0 | V92: =VLOOKUP(B92,[6]Sheet1!$B$2:$K$212,10,FALSE) -> 0 | W92: 0 | X92: 0 | Y92: 0 | Z92: 17.881499 | AA92: 25.274067 | AB92: 24.934639 | AC92: 24.597797 | AD92: 6.8246663 | AE92: 7.0485408 | AF92: 7.2886013 | AG92: 147.33018 | AH92: 148.57692 | AI92: =VLOOKUP(B92,[7]all!$A$2:$I$247,6,FALSE) -> 82.26 | AJ92: =VLOOKUP(B92,[7]all!$A$2:$I$247,7,FALSE) -> 82.27 | AK92: =VLOOKUP(B92,[7]all!$A$2:$I$247,8,FALSE) -> 82.28 | AL92: 734865
A93: Iran, Islamic Rep. | B93: IRN | C93: =VLOOKUP(B93,'[1]who-regions'!$B$1:$D$206,3,FALSE) -> EMR | D93: =VLOOKUP(B93,'[2]Metadata - Countries'!$A$1:$B$266,2,FALSE) -> Middle East & North Africa | E93: =VLOOKUP(B93,'[2]Metadata - Countries'!$A$1:$C$266,3,FALSE) -> Upper middle income | G93: 90.364731 | H93: =VLOOKUP(B93,[4]tas!$A$2:$H$247,5,FALSE) -> 18.72 | I93: =VLOOKUP(B93,[4]tas!$A$2:$H$247,6,FALSE) -> 18.73 | J93: =VLOOKUP(B93,[4]tas!$A$2:$H$247,7,FALSE) -> 18.78 | K93: 3.9436262e+11 | L93: 4.0462566e+11 | M93: 4.3690633e+11 | N93: =VLOOKUP(B93,[2]Data!$B$1:$G$267,4,FALSE) -> 4721.2044 | O93: =VLOOKUP(B93,[2]Data!$B$1:$G$267,5,FALSE) -> 5049.2993 | P93: =VLOOKUP(B93,[2]Data!$B$1:$G$267,6,FALSE) -> 5190.1696 | Q93: =VLOOKUP(B93,[5]Sheet1!$B$421:$K$628,10,FALSE) -> 0 | R93: =VLOOKUP(B93,[5]Sheet1!$B$213:$K$420,10,FALSE) -> 0 | S93: =VLOOKUP(B93,[5]Sheet1!$B$2:$K$207,10,FALSE) -> 0 | T93: =VLOOKUP(B93,[6]Sheet1!$B$421:$K$628,10,FALSE) -> 0 | U93: =VLOOKUP(B93,[6]Sheet1!$B$213:$K$420,10,FALSE) -> 0 | V93: =VLOOKUP(B93,[6]Sheet1!$B$2:$K$212,10,FALSE) -> 0 | W93: 0 | X93: 0 | Y93: 0 | Z93: 32.287373 | AA93: 23.221238 | AB93: 22.838783 | AC93: 22.440572 | AD93: 7.6290003 | AE93: 7.9160836 | AF93: 8.2390127 | AG93: 55.176731 | AH93: 55.84512 | AI93: =VLOOKUP(B93,[7]all!$A$2:$I$247,6,FALSE) -> 41.52 | AJ93: =VLOOKUP(B93,[7]all!$A$2:$I$247,7,FALSE) -> 41.36 | AK93: =VLOOKUP(B93,[7]all!$A$2:$I$247,8,FALSE) -> 41.26
A94: Iraq | B94: IRQ | C94: =VLOOKUP(B94,'[1]who-regions'!$B$1:$D$206,3,FALSE) -> EMR | D94: =VLOOKUP(B94,'[2]Metadata - Countries'!$A$1:$B$266,2,FALSE) -> Middle East & North Africa | E94: =VLOOKUP(B94,'[2]Metadata - Countries'!$A$1:$C$266,3,FALSE) -> Upper middle income | G94: 98.498781 | H94: =VLOOKUP(B94,[4]tas!$A$2:$H$247,5,FALSE) -> 23.56 | I94: =VLOOKUP(B94,[4]tas!$A$2:$H$247,6,FALSE) -> 23.56 | J94: =VLOOKUP(B94,[4]tas!$A$2:$H$247,7,FALSE) -> 23.68 | K94: 2.8737223e+11 | L94: 2.6888105e+11 | M94: 2.7964126e+11 | N94: =VLOOKUP(B94,[2]Data!$B$1:$G$267,4,FALSE) -> 6520.7315 | O94: =VLOOKUP(B94,[2]Data!$B$1:$G$267,5,FALSE) -> 5965.3184 | P94: =VLOOKUP(B94,[2]Data!$B$1:$G$267,6,FALSE) -> 6073.6103 | Q94: =VLOOKUP(B94,[5]Sheet1!$B$421:$K$628,10,FALSE) -> 0 | R94: =VLOOKUP(B94,[5]Sheet1!$B$213:$K$420,10,FALSE) -> 0 | S94: =VLOOKUP(B94,[5]Sheet1!$B$2:$K$207,10,FALSE) -> 0 | T94: =VLOOKUP(B94,[6]Sheet1!$B$421:$K$628,10,FALSE) -> 0 | U94: =VLOOKUP(B94,[6]Sheet1!$B$213:$K$420,10,FALSE) -> 0 | V94: =VLOOKUP(B94,[6]Sheet1!$B$2:$K$212,10,FALSE) -> 0 | W94: 0 | X94: 0 | Y94: 0 | Z94: 38.17507 | AA94: 37.587048 | AB94: 37.091396 | AC94: 36.581349 | AD94: 3.3976056 | AE94: 3.3967039 | AF94: 3.4143879 | AG94: 101.51464 | AH94: 103.82616 | AI94: =VLOOKUP(B94,[7]all!$A$2:$I$247,6,FALSE) -> 38.54 | AJ94: =VLOOKUP(B94,[7]all!$A$2:$I$247,7,FALSE) -> 38.25 | AK94: =VLOOKUP(B94,[7]all!$A$2:$I$247,8,FALSE) -> 38.54
A95: Ireland | B95: IRL | C95: =VLOOKUP(B95,'[1]who-regions'!$B$1:$D$206,3,FALSE) -> EUR | D95: =VLOOKUP(B95,'[2]Metadata - Countries'!$A$1:$B$266,2,FALSE) -> Europe & Central Asia | E95: =VLOOKUP(B95,'[2]Metadata - Countries'!$A$1:$C$266,3,FALSE) -> High income | G95: 89.254871 | H95: =VLOOKUP(B95,[4]tas!$A$2:$H$247,5,FALSE) -> 10.26 | I95: =VLOOKUP(B95,[4]tas!$A$2:$H$247,6,FALSE) -> 10.27 | J95: =VLOOKUP(B95,[4]tas!$A$2:$H$247,7,FALSE) -> 10.31 | K95: 5.4857025e+11 | L95: 5.5139489e+11 | M95: 5.7738948e+11 | N95: =VLOOKUP(B95,[2]Data!$B$1:$G$267,4,FALSE) -> 105190.69 | O95: =VLOOKUP(B95,[2]Data!$B$1:$G$267,5,FALSE) -> 106818.92 | P95: =VLOOKUP(B95,[2]Data!$B$1:$G$267,6,FALSE) -> 112894.95 | Q95: =VLOOKUP(B95,[5]Sheet1!$B$421:$K$628,10,FALSE) -> 0 | R95: =VLOOKUP(B95,[5]Sheet1!$B$213:$K$420,10,FALSE) -> 0 | S95: =VLOOKUP(B95,[5]Sheet1!$B$2:$K$207,10,FALSE) -> 0 | T95: =VLOOKUP(B95,[6]Sheet1!$B$421:$K$628,10,FALSE) -> 75.8 | U95: =VLOOKUP(B95,[6]Sheet1!$B$213:$K$420,10,FALSE) -> 75.71 | V95: =VLOOKUP(B95,[6]Sheet1!$B$2:$K$212,10,FALSE) -> 75.71 | W95: 0 | X95: 0 | Y95: 0 | Z95: 8.170586 | AA95: 19.455782 | AB95: 19.017036 | AC95: 18.555485 | AD95: 15.16194 | AE95: 15.541707 | AF95: 15.892078 | AG95: 75.66898 | AH95: 77.044564 | AI95: =VLOOKUP(B95,[7]all!$A$2:$I$247,6,FALSE) -> 82.99 | AJ95: =VLOOKUP(B95,[7]all!$A$2:$I$247,7,FALSE) -> 83.04 | AK95: =VLOOKUP(B95,[7]all!$A$2:$I$247,8,FALSE) -> 82.98
A96: Isle of Man | B96: IMN | C96: None | D96: =VLOOKUP(B96,'[2]Metadata - Countries'!$A$1:$B$266,2,FALSE) -> Europe & Central Asia | E96: =VLOOKUP(B96,'[2]Metadata - Countries'!$A$1:$C$266,3,FALSE) -> High income | G96: 100 | H96: =VLOOKUP(B96,[4]tas!$A$2:$H$247,5,FALSE) -> 10.85 | I96: =VLOOKUP(B96,[4]tas!$A$2:$H$247,6,FALSE) -> 10.75 | J96: =VLOOKUP(B96,[4]tas!$A$2:$H$247,7,FALSE) -> 10.87 | K96: 7.4312574e+09 | L96: 0 | M96: 0 | N96: =VLOOKUP(B96,[2]Data!$B$1:$G$267,4,FALSE) -> 88328.548 | O96: =VLOOKUP(B96,[2]Data!$B$1:$G$267,5,FALSE) -> 0 | P96: =VLOOKUP(B96,[2]Data!$B$1:$G$267,6,FALSE) -> 0 | Q96: =VLOOKUP(B96,[5]Sheet1!$B$421:$K$628,10,FALSE) -> #N/A | R96: =VLOOKUP(B96,[5]Sheet1!$B$213:$K$420,10,FALSE) -> #N/A | S96: =VLOOKUP(B96,[5]Sheet1!$B$2:$K$207,10,FALSE) -> #N/A | T96: =VLOOKUP(B96,[6]Sheet1!$B$421:$K$628,10,FALSE) -> #N/A | U96: =VLOOKUP(B96,[6]Sheet1!$B$213:$K$420,10,FALSE) -> #N/A | V96: =VLOOKUP(B96,[6]Sheet1!$B$2:$K$212,10,FALSE) -> #N/A | W96: 0 | X96: 0 | Y96: 0 | Z96: 0 | AA96: 14.780345 | AB96: 14.523172 | AC96: 14.223418 | AD96: 22.30067 | AE96: 22.712988 | AF96: 23.152785 | AG96: 147.6 | AH96: 147.65789 | AI96: =VLOOKUP(B96,[7]all!$A$2:$I$247,6,FALSE) -> 81.34 | AJ96: =VLOOKUP(B96,[7]all!$A$2:$I$247,7,FALSE) -> 81.31 | AK96: =VLOOKUP(B96,[7]all!$A$2:$I$247,8,FALSE) -> 81.42
A97: Israel | B97: ISR | C97: =VLOOKUP(B97,'[1]who-regions'!$B$1:$D$206,3,FALSE) -> EUR | D97: =VLOOKUP(B97,'[2]Metadata - Countries'!$A$1:$B$266,2,FALSE) -> Middle East & North Africa | E97: =VLOOKUP(B97,'[2]Metadata - Countries'!$A$1:$C$266,3,FALSE) -> High income | G97: 99.924519 | H97: =VLOOKUP(B97,[4]tas!$A$2:$H$247,5,FALSE) -> 21.16 | I97: =VLOOKUP(B97,[4]tas!$A$2:$H$247,6,FALSE) -> 21.14 | J97: =VLOOKUP(B97,[4]tas!$A$2:$H$247,7,FALSE) -> 21.18 | K97: 5.2518101e+11 | L97: 5.1218464e+11 | M97: 5.4037992e+11 | N97: =VLOOKUP(B97,[2]Data!$B$1:$G$267,4,FALSE) -> 54949.622 | O97: =VLOOKUP(B97,[2]Data!$B$1:$G$267,5,FALSE) -> 52003.72 | P97: =VLOOKUP(B97,[2]Data!$B$1:$G$267,6,FALSE) -> 54176.684 | Q97: =VLOOKUP(B97,[5]Sheet1!$B$421:$K$628,10,FALSE) -> 19.31 | R97: =VLOOKUP(B97,[5]Sheet1!$B$213:$K$420,10,FALSE) -> #N/A | S97: =VLOOKUP(B97,[5]Sheet1!$B$2:$K$207,10,FALSE) -> #N/A | T97: =VLOOKUP(B97,[6]Sheet1!$B$421:$K$628,10,FALSE) -> 61.16 | U97: =VLOOKUP(B97,[6]Sheet1!$B$213:$K$420,10,FALSE) -> #N/A | V97: =VLOOKUP(B97,[6]Sheet1!$B$2:$K$212,10,FALSE) -> #N/A | W97: 99.014328 | X97: 0 | Y97: 0 | Z97: 18.598276 | AA97: 27.803532 | AB97: 27.614615 | AC97: 27.40926 | AD97: 12.303037 | AE97: 12.415709 | AF97: 12.552694 | AG97: 441.65896 | AH97: 455.12939 | AI97: =VLOOKUP(B97,[7]all!$A$2:$I$247,6,FALSE) -> 57.72 | AJ97: =VLOOKUP(B97,[7]all!$A$2:$I$247,7,FALSE) -> 57.62 | AK97: =VLOOKUP(B97,[7]all!$A$2:$I$247,8,FALSE) -> 57.7
A98: Italy | B98: ITA | C98: =VLOOKUP(B98,'[1]who-regions'!$B$1:$D$206,3,FALSE) -> EUR | D98: =VLOOKUP(B98,'[2]Metadata - Countries'!$A$1:$B$266,2,FALSE) -> Europe & Central Asia | E98: =VLOOKUP(B98,'[2]Metadata - Countries'!$A$1:$C$266,3,FALSE) -> High income | G98: 99.885037 | H98: =VLOOKUP(B98,[4]tas!$A$2:$H$247,5,FALSE) -> 13.87 | I98: =VLOOKUP(B98,[4]tas!$A$2:$H$247,6,FALSE) -> 13.79 | J98: =VLOOKUP(B98,[4]tas!$A$2:$H$247,7,FALSE) -> 13.81 | K98: 2.1040676e+12 | L98: 2.3046051e+12 | M98: 2.3727745e+12 | N98: =VLOOKUP(B98,[2]Data!$B$1:$G$267,4,FALSE) -> 35653.904 | O98: =VLOOKUP(B98,[2]Data!$B$1:$G$267,5,FALSE) -> 39277.084 | P98: =VLOOKUP(B98,[2]Data!$B$1:$G$267,6,FALSE) -> 40385.341 | Q98: =VLOOKUP(B98,[5]Sheet1!$B$421:$K$628,10,FALSE) -> 0 | R98: =VLOOKUP(B98,[5]Sheet1!$B$213:$K$420,10,FALSE) -> 0 | S98: =VLOOKUP(B98,[5]Sheet1!$B$2:$K$207,10,FALSE) -> 0 | T98: =VLOOKUP(B98,[6]Sheet1!$B$421:$K$628,10,FALSE) -> 58.1 | U98: =VLOOKUP(B98,[6]Sheet1!$B$213:$K$420,10,FALSE) -> 53.3 | V98: =VLOOKUP(B98,[6]Sheet1!$B$2:$K$212,10,FALSE) -> 53.3 | W98: 99.89901 | X98: 0 | Y98: 0 | Z98: 14.658639 | AA98: 12.389781 | AB98: 12.144435 | AC98: 11.892305 | AD98: 23.92919 | AE98: 24.218783 | AF98: 24.624777 | AG98: 199.55927 | AH98: 199.49099 | AI98: =VLOOKUP(B98,[7]all!$A$2:$I$247,6,FALSE) -> 72.78 | AJ98: =VLOOKUP(B98,[7]all!$A$2:$I$247,7,FALSE) -> 73.14 | AK98: =VLOOKUP(B98,[7]all!$A$2:$I$247,8,FALSE) -> 73.04
A99: Jamaica | B99: JAM | C99: =VLOOKUP(B99,'[1]who-regions'!$B$1:$D$206,3,FALSE) -> AMR | D99: =VLOOKUP(B99,'[2]Metadata - Countries'!$A$1:$B$266,2,FALSE) -> Latin America & Caribbean | E99: =VLOOKUP(B99,'[2]Metadata - Countries'!$A$1:$C$266,3,FALSE) -> Upper middle income | G99: 86.552598 | H99: =VLOOKUP(B99,[4]tas!$A$2:$H$247,5,FALSE) -> 26.32 | I99: =VLOOKUP(B99,[4]tas!$A$2:$H$247,6,FALSE) -> 26.28 | J99: =VLOOKUP(B99,[4]tas!$A$2:$H$247,7,FALSE) -> 26.31 | K99: 1.7097761e+10 | L99: 1.9423355e+10 | M99: 1.9930288e+10 | N99: =VLOOKUP(B99,[2]Data!$B$1:$G$267,4,FALSE) -> 6626.475 | O99: =VLOOKUP(B99,[2]Data!$B$1:$G$267,5,FALSE) -> 7542.4008 | P99: =VLOOKUP(B99,[2]Data!$B$1:$G$267,6,FALSE) -> 7753.8007 | Q99: =VLOOKUP(B99,[5]Sheet1!$B$421:$K$628,10,FALSE) -> 0 | R99: =VLOOKUP(B99,[5]Sheet1!$B$213:$K$420,10,FALSE) -> 0 | S99: =VLOOKUP(B99,[5]Sheet1!$B$2:$K$207,10,FALSE) -> 0 | T99: =VLOOKUP(B99,[6]Sheet1!$B$421:$K$628,10,FALSE) -> 0 | U99: =VLOOKUP(B99,[6]Sheet1!$B$213:$K$420,10,FALSE) -> 0 | V99: =VLOOKUP(B99,[6]Sheet1!$B$2:$K$212,10,FALSE) -> 0 | W99: 66.409576 | X99: 0 | Y99: 0 | Z99: 17.413637 | AA99: 19.579845 | AB99: 19.134118 | AC99: 18.702387 | AD99: 7.5371133 | AE99: 7.8621769 | AF99: 8.2096031 | AG99: 262.15549 | AH99: 262.21477 | AI99: =VLOOKUP(B99,[7]all!$A$2:$I$247,6,FALSE) -> 77.82 | AJ99: =VLOOKUP(B99,[7]all!$A$2:$I$247,7,FALSE) -> 77.73 | AK99: =VLOOKUP(B99,[7]all!$A$2:$I$247,8,FALSE) -> 77.88
A100: Japan | B100: JPN | C100: =VLOOKUP(B100,'[1]who-regions'!$B$1:$D$206,3,FALSE) -> WPR | D100: =VLOOKUP(B100,'[2]Metadata - Countries'!$A$1:$B$266,2,FALSE) -> East Asia & Pacific | E100: =VLOOKUP(B100,'[2]Metadata - Countries'!$A$1:$C$266,3,FALSE) -> High income | G100: 99.937689 | H100: =VLOOKUP(B100,[4]tas!$A$2:$H$247,5,FALSE) -> 12.85 | I100: =VLOOKUP(B100,[4]tas!$A$2:$H$247,6,FALSE) -> 12.99 | J100: =VLOOKUP(B100,[4]tas!$A$2:$H$247,7,FALSE) -> 13.05 | K100: 4.2624633e+12 | L100: 4.2131672e+12 | M100: 4.0262108e+12 | N100: =VLOOKUP(B100,[2]Data!$B$1:$G$267,4,FALSE) -> 34065.644 | O100: =VLOOKUP(B100,[2]Data!$B$1:$G$267,5,FALSE) -> 33836.176 | P100: =VLOOKUP(B100,[2]Data!$B$1:$G$267,6,FALSE) -> 32487.078 | Q100: =VLOOKUP(B100,[5]Sheet1!$B$421:$K$628,10,FALSE) -> 0 | R100: =VLOOKUP(B100,[5]Sheet1!$B$213:$K$420,10,FALSE) -> 0 | S100: =VLOOKUP(B100,[5]Sheet1!$B$2:$K$207,10,FALSE) -> 0 | T100: =VLOOKUP(B100,[6]Sheet1!$B$421:$K$628,10,FALSE) -> 0 | U100: =VLOOKUP(B100,[6]Sheet1!$B$213:$K$420,10,FALSE) -> 0 | V100: =VLOOKUP(B100,[6]Sheet1!$B$2:$K$212,10,FALSE) -> 0 | W100: 0 | X100: 0 | Y100: 0 | Z100: 12.835202 | AA100: 11.858936 | AB100: 11.649291 | AC100: 11.436102 | AD100: 29.402647 | AE100: 29.56181 | AF100: 29.78077 | AG100: 343.27843 | AH100: 341.54456 | AI100: =VLOOKUP(B100,[7]all!$A$2:$I$247,6,FALSE) -> 73.92 | AJ100: =VLOOKUP(B100,[7]all!$A$2:$I$247,7,FALSE) -> 73.97 | AK100: =VLOOKUP(B100,[7]all!$A$2:$I$247,8,FALSE) -> 74.03 | AL100: 417854
...

Sheet country
A1: Country Name | B1: Country Code | C1: WHO_region | D1: WB_region | E1: BBS_pop_2022 | F1: AvgSAT_2022 | G1: AvgSAT_2023 | H1: AvgSAT_2024 | I1: AvgSAT | J1: GDP_2022 | K1: GDP_2023 | L1: GDP_2024 | M1: GDP | N1: perGDP_2022 | O1: perGDP_2023 | P1: perGDP_2024 | Q1: InfVax6m_2022 | R1: InfVax6m_2023 | S1: InfVax6m_2024 | T1: IVC65p_2022 | U1: IVC65p_2023 | V1: IVC65p_2024 | W1: PLGP_2022 | X1: PLGP_2023 | Y1: PLGP_2024 | Z1: PM_2020 | AA1: p14p_2022 | AB1: p14p_2023 | AC1: p14p_2024 | AD1: p65p_2022 | AE1: p65p_2023 | AF1: p65p_2024 | AG1: PopDens_2022 | AH1: PopDens_2023 | AI1: re_2022 | AJ1: re_2023 | AK1: re_2024 | AL1: INT_ARR_2022
A2: Argentina | B2: ARG | C2: AMR | D2: =VLOOKUP(B2,global!B1:D218,3,FALSE) -> Latin America & Caribbean | E2: 0 | F2: 15.52 | G2: 15.52 | H2: 15.65 | I2: =AVERAGE(F2:H2) -> 15.563333 | J2: =VLOOKUP(B2,global!B1:P218,7,FALSE) -> 15.52 | K2: =VLOOKUP(B2,global!B1:P218,8,FALSE) -> 15.52 | L2: =VLOOKUP(B2,global!B1:P218,9,FALSE) -> 15.65 | M2: =AVERAGE(J2:L2) -> 15.563333 | N2: =VLOOKUP(B2,global!B1:P218,10,FALSE) -> 6.3279007e+11 | O2: =VLOOKUP(B2,global!B1:P218,11,FALSE) -> 6.4607528e+11 | P2: =VLOOKUP(B2,global!B1:P218,12,FALSE) -> 6.3326669e+11 | Q2: 0 | R2: 0 | S2: 0 | T2: 75.85 | U2: 12.19 | V2: 0 | W2: 0 | X2: 0 | Y2: 0 | Z2: 14.908174 | AA2: 22.750746 | AB2: 22.190657 | AC2: 21.603943 | AD2: 12.03408 | AE2: 12.203022 | AF2: 12.416004 | AG2: 16.592272 | AH2: 16.639956 | AI2: 58.82 | AJ2: 58.82 | AK2: 58.14 | AL2: 113132.4
A3: Australia | B3: AUS | C3: WPR | D3: =VLOOKUP(B3,global!B2:D219,3,FALSE) -> East Asia & Pacific | E3: 100 | F3: 22.83 | G3: 22.86 | H3: 22.94 | I3: =AVERAGE(F3:H3) -> 22.876667 | J3: =VLOOKUP(B3,global!B2:P219,7,FALSE) -> 22.83 | K3: =VLOOKUP(B3,global!B2:P219,8,FALSE) -> 22.86 | L3: =VLOOKUP(B3,global!B2:P219,9,FALSE) -> 22.94 | M3: =AVERAGE(J3:L3) -> 22.876667 | N3: =VLOOKUP(B3,global!B2:P219,10,FALSE) -> 1.6908582e+12 | O3: =VLOOKUP(B3,global!B2:P219,11,FALSE) -> 1.7280573e+12 | P3: =VLOOKUP(B3,global!B2:P219,12,FALSE) -> 1.7521933e+12 | Q3: 0 | R3: 0 | S3: 0 | T3: 0 | U3: 0 | V3: 61.1 | W3: 0 | X3: 0 | Y3: 0 | Z3: 8.2517175 | AA3: 18.235542 | AB3: 18.030283 | AC3: 17.841848 | AD3: 17.075032 | AE3: 17.384025 | AF3: 17.730016 | AG3: 3.3819984 | AH3: 3.4649906 | AI3: 47.17 | AJ3: 47.01 | AK3: 46.84 | AL3: 309626
A4: Belgium | B4: BEL | C4: EUR | D4: =VLOOKUP(B4,global!B3:D220,3,FALSE) -> Europe & Central Asia | E4: 99.486217 | F4: 10.78 | G4: 10.6 | H4: 10.65 | I4: =AVERAGE(F4:H4) -> 10.676667 | J4: =VLOOKUP(B4,global!B3:P220,7,FALSE) -> 10.78 | K4: =VLOOKUP(B4,global!B3:P220,8,FALSE) -> 10.6 | L4: =VLOOKUP(B4,global!B3:P220,9,FALSE) -> 10.65 | M4: =AVERAGE(J4:L4) -> 10.676667 | N4: =VLOOKUP(B4,global!B3:P220,10,FALSE) -> 5.9361457e+11 | O4: =VLOOKUP(B4,global!B3:P220,11,FALSE) -> 6.4465528e+11 | P4: =VLOOKUP(B4,global!B3:P220,12,FALSE) -> 6.6456418e+11 | Q4: 0 | R4: 0 | S4: 0 | T4: 57.3 | U4: 0 | V4: 0 | W4: 0 | X4: 0 | Y4: 0 | Z4: 11.216066 | AA4: 16.529679 | AB4: 16.290745 | AC4: 15.996127 | AD4: 19.767193 | AE4: 20.145275 | AF4: 20.558081 | AG4: 383.03306 | AH4: 386.54893 | AI4: 80.15 | AJ4: 80.3 | AK4: 80.08
A5: Brazil | B5: BRA | C5: AMR | D5: =VLOOKUP(B5,global!B4:D221,3,FALSE) -> Latin America & Caribbean | E5: 90.883499 | F5: 26.04 | G5: 26.06 | H5: 26.1 | I5: =AVERAGE(F5:H5) -> 26.066667 | J5: =VLOOKUP(B5,global!B4:P221,7,FALSE) -> 26.04 | K5: =VLOOKUP(B5,global!B4:P221,8,FALSE) -> 26.06 | L5: =VLOOKUP(B5,global!B4:P221,9,FALSE) -> 26.1 | M5: =AVERAGE(J5:L5) -> 26.066667 | N5: =VLOOKUP(B5,global!B4:P221,10,FALSE) -> 1.9519239e+12 | O5: =VLOOKUP(B5,global!B4:P221,11,FALSE) -> 2.1911318e+12 | P5: =VLOOKUP(B5,global!B4:P221,12,FALSE) -> 2.1794121e+12 | Q5: 0 | R5: 0 | S5: 0 | T5: 70.24 | U5: 63.3 | V5: 45.4 | W5: 0 | X5: 0 | Y5: 0 | Z5: 12.179325 | AA5: 20.202477 | AB5: 19.935952 | AC5: 19.66514 | AD5: 10.251785 | AE5: 10.633631 | AF5: 11.049184 | AG5: 25.161868 | AH5: 25.261688 | AI5: 72.82 | AJ5: 72.67 | AK5: 72.76
A6: Canada | B6: CAN | C6: AMR | D6: =VLOOKUP(B6,global!B5:D222,3,FALSE) -> North America | E6: 98.588358 | F6: -2.41 | G6: -2.32 | H6: -2.19 | I6: =AVERAGE(F6:H6) -> -2.3066667 | J6: =VLOOKUP(B6,global!B5:P222,7,FALSE) -> -2.41 | K6: =VLOOKUP(B6,global!B5:P222,8,FALSE) -> -2.32 | L6: =VLOOKUP(B6,global!B5:P222,9,FALSE) -> -2.19 | M6: =AVERAGE(J6:L6) -> -2.3066667 | N6: =VLOOKUP(B6,global!B5:P222,10,FALSE) -> 2.1904111e+12 | O6: =VLOOKUP(B6,global!B5:P222,11,FALSE) -> 2.1733397e+12 | P6: =VLOOKUP(B6,global!B5:P222,12,FALSE) -> 2.2412532e+12 | Q6: 0 | R6: 0 | S6: 0 | T6: 71 | U6: 73.7 | V6: 73.7 | W6: 0 | X6: 0 | Y6: 0 | Z6: 6.5656699 | AA6: 15.547908 | AB6: 15.304543 | AC6: 15.111321 | AD6: 18.940747 | AE6: 19.358119 | AF6: 19.799591 | AG6: 4.4302268 | AH6: 4.5607978 | AI6: 72.52 | AJ6: 72.46 | AK6: 72.4 | AL6: 258830.5
A7: Chile | B7: CHL | C7: AMR | D7: =VLOOKUP(B7,global!B6:D223,3,FALSE) -> Latin America & Caribbean | E7: 99.999998 | F7: 9.57 | G7: 9.62 | H7: 9.7 | I7: =AVERAGE(F7:H7) -> 9.63 | J7: =VLOOKUP(B7,global!B6:P223,7,FALSE) -> 9.57 | K7: =VLOOKUP(B7,global!B6:P223,8,FALSE) -> 9.62 | L7: =VLOOKUP(B7,global!B6:P223,9,FALSE) -> 9.7 | M7: =AVERAGE(J7:L7) -> 9.63 | N7: =VLOOKUP(B7,global!B6:P223,10,FALSE) -> 3.0122658e+11 | O7: =VLOOKUP(B7,global!B6:P223,11,FALSE) -> 3.3551805e+11 | P7: =VLOOKUP(B7,global!B6:P223,12,FALSE) -> 3.3026714e+11 | Q7: 0 | R7: 0 | S7: 0 | T7: 70.26 | U7: 65.1 | V7: 65.02 | W7: 98.745956 | X7: 0 | Y7: 0 | Z7: 23.275067 | AA7: 17.757556 | AB7: 17.384339 | AC7: 16.966164 | AD7: 13.30008 | AE7: 13.693319 | AF7: 14.135086 | AG7: 26.322298 | AH7: 26.464725 | AI7: 63.18 | AJ7: 63.24 | AK7: 63.13 | AL7: 85879.401
A8: China | B8: CHN | C8: WPR | D8: =VLOOKUP(B8,global!B7:D224,3,FALSE) -> East Asia & Pacific | E8: 95.892361 | F8: 7.77 | G8: 7.86 | H8: 7.87 | I8: =AVERAGE(F8:H8) -> 7.8333333 | J8: =VLOOKUP(B8,global!B7:P224,7,FALSE) -> 7.77 | K8: =VLOOKUP(B8,global!B7:P224,8,FALSE) -> 7.86 | L8: =VLOOKUP(B8,global!B7:P224,9,FALSE) -> 7.87 | M8: =AVERAGE(J8:L8) -> 7.8333333 | N8: =VLOOKUP(B8,global!B7:P224,10,FALSE) -> 1.8316765e+13 | O8: =VLOOKUP(B8,global!B7:P224,11,FALSE) -> 1.8270357e+13 | P8: =VLOOKUP(B8,global!B7:P224,12,FALSE) -> 1.8743803e+13 | Q8: 0 | R8: 0 | S8: 0 | T8: 0 | U8: 0 | V8: 0 | W8: 0 | X8: 0 | Y8: 0 | Z8: 34.810524 | AA8: 17.1218 | AB8: 16.589611 | AC8: 16.007812 | AD8: 13.78193 | AE8: 14.316077 | AF8: 14.665269 | AG8: 150.42005 | AH8: 150.264 | AI8: 60.58 | AJ8: 60.49 | AK8: 60.57 | AL8: 2530000
A9: Croatia | B9: HRV | C9: EUR | D9: =VLOOKUP(B9,global!B8:D225,3,FALSE) -> Europe & Central Asia | E9: 0 | F9: 13.1 | G9: 13.09 | H9: 13.11 | I9: =AVERAGE(F9:H9) -> 13.1 | J9: =VLOOKUP(B9,global!B8:P225,7,FALSE) -> 13.1 | K9: =VLOOKUP(B9,global!B8:P225,8,FALSE) -> 13.09 | L9: =VLOOKUP(B9,global!B8:P225,9,FALSE) -> 13.11 | M9: =AVERAGE(J9:L9) -> 13.1 | N9: =VLOOKUP(B9,global!B8:P225,10,FALSE) -> 7.1198635e+10 | O9: =VLOOKUP(B9,global!B8:P225,11,FALSE) -> 8.4393796e+10 | P9: =VLOOKUP(B9,global!B8:P225,12,FALSE) -> 9.2526176e+10 | Q9: 0 | R9: 0 | S9: 0 | T9: 30.74 | U9: 28.56 | V9: 27.91 | W9: 99.72493 | X9: 0 | Y9: 0 | Z9: 16.120859 | AA9: 14.300925 | AB9: 14.138557 | AC9: 13.923206 | AD9: 22.484705 | AE9: 22.815365 | AF9: 23.187771 | AG9: 68.899946 | AH9: 68.97223 | AI9: 73.25 | AJ9: 73.23 | AK9: 73.45 | AL9: 7122
A10: France | B10: FRA | C10: EUR | D10: =VLOOKUP(B10,global!B9:D226,3,FALSE) -> Europe & Central Asia | E10: 98.645996 | F10: 12.01 | G10: 11.93 | H10: 11.99 | I10: =AVERAGE(F10:H10) -> 11.976667 | J10: =VLOOKUP(B10,global!B9:P226,7,FALSE) -> 12.01 | K10: =VLOOKUP(B10,global!B9:P226,8,FALSE) -> 11.93 | L10: =VLOOKUP(B10,global!B9:P226,9,FALSE) -> 11.99 | M10: =AVERAGE(J10:L10) -> 11.976667 | N10: =VLOOKUP(B10,global!B9:P226,10,FALSE) -> 2.7963022e+12 | O10: =VLOOKUP(B10,global!B9:P226,11,FALSE) -> 3.0518316e+12 | P10: =VLOOKUP(B10,global!B9:P226,12,FALSE) -> 3.1620791e+12 | Q10: 0 | R10: 0 | S10: 0 | T10: 56.8 | U10: 54 | V10: 53.7 | W10: 0 | X10: 0 | Y10: 0 | Z10: 9.6003814 | AA10: 17.031416 | AB10: 16.784778 | AC10: 16.505121 | AD10: 21.377349 | AE10: 21.749142 | AF10: 22.146562 | AG10: 126.29189 | AH10: 126.70468 | AI10: 76.01 | AJ10: 76.43 | AK10: 75.98 | AL10: 274644
A11: Germany | B11: DEU | C11: EUR | D11: =VLOOKUP(B11,global!B10:D227,3,FALSE) -> Europe & Central Asia | E11: 99.226204 | F11: 10.13 | G11: 9.97 | H11: 9.95 | I11: =AVERAGE(F11:H11) -> 10.016667 | J11: =VLOOKUP(B11,global!B10:P227,7,FALSE) -> 10.13 | K11: =VLOOKUP(B11,global!B10:P227,8,FALSE) -> 9.97 | L11: =VLOOKUP(B11,global!B10:P227,9,FALSE) -> 9.95 | M11: =AVERAGE(J11:L11) -> 10.016667 | N11: =VLOOKUP(B11,global!B10:P227,10,FALSE) -> 4.1635964e+12 | O11: =VLOOKUP(B11,global!B10:P227,11,FALSE) -> 4.5257039e+12 | P11: =VLOOKUP(B11,global!B10:P227,12,FALSE) -> 4.6599293e+12 | Q11: 0 | R11: 0 | S11: 0 | T11: 43.3 | U11: 40.4 | V11: 38.2 | W11: 0 | X11: 0 | Y11: 0 | Z11: 10.287689 | AA11: 13.912531 | AB11: 13.91557 | AC11: 13.91016 | AD11: 22.458906 | AE11: 22.790044 | AF11: 23.195587 | AG11: 239.86142 | AH11: 240.11082 | AI11: 77.72 | AJ11: 77.76 | AK11: 77.48
A12: Ireland | B12: IRL | C12: EUR | D12: =VLOOKUP(B12,global!B11:D228,3,FALSE) -> Europe & Central Asia | E12: 89.254871 | F12: 10.26 | G12: 10.27 | H12: 10.31 | I12: =AVERAGE(F12:H12) -> 10.28 | J12: =VLOOKUP(B12,global!B11:P228,7,FALSE) -> 10.26 | K12: =VLOOKUP(B12,global!B11:P228,8,FALSE) -> 10.27 | L12: =VLOOKUP(B12,global!B11:P228,9,FALSE) -> 10.31 | M12: =AVERAGE(J12:L12) -> 10.28 | N12: =VLOOKUP(B12,global!B11:P228,10,FALSE) -> 5.4857025e+11 | O12: =VLOOKUP(B12,global!B11:P228,11,FALSE) -> 5.5139489e+11 | P12: =VLOOKUP(B12,global!B11:P228,12,FALSE) -> 5.7738948e+11 | Q12: 0 | R12: 0 | S12: 0 | T12: 75.8 | U12: 75.71 | V12: 75.71 | W12: 0 | X12: 0 | Y12: 0 | Z12: 8.170586 | AA12: 19.455782 | AB12: 19.017036 | AC12: 18.555485 | AD12: 15.16194 | AE12: 15.541707 | AF12: 15.892078 | AG12: 75.66898 | AH12: 77.044564 | AI12: 82.99 | AJ12: 83.04 | AK12: 82.98
A13: Italy | B13: ITA | C13: EUR | D13: =VLOOKUP(B13,global!B12:D229,3,FALSE) -> Europe & Central Asia | E13: 99.885037 | F13: 13.87 | G13: 13.79 | H13: 13.81 | I13: =AVERAGE(F13:H13) -> 13.823333 | J13: =VLOOKUP(B13,global!B12:P229,7,FALSE) -> 13.87 | K13: =VLOOKUP(B13,global!B12:P229,8,FALSE) -> 13.79 | L13: =VLOOKUP(B13,global!B12:P229,9,FALSE) -> 13.81 | M13: =AVERAGE(J13:L13) -> 13.823333 | N13: =VLOOKUP(B13,global!B12:P229,10,FALSE) -> 2.1040676e+12 | O13: =VLOOKUP(B13,global!B12:P229,11,FALSE) -> 2.3046051e+12 | P13: =VLOOKUP(B13,global!B12:P229,12,FALSE) -> 2.3727745e+12 | Q13: 0 | R13: 0 | S13: 0 | T13: 58.1 | U13: 53.3 | V13: 53.3 | W13: 99.89901 | X13: 0 | Y13: 0 | Z13: 14.658639 | AA13: 12.389781 | AB13: 12.144435 | AC13: 11.892305 | AD13: 23.92919 | AE13: 24.218783 | AF13: 24.624777 | AG13: 199.55927 | AH13: 199.49099 | AI13: 72.78 | AJ13: 73.14 | AK13: 73.04
A14: Korea, Rep. | B14: KOR | C14: WPR | D14: =VLOOKUP(B14,global!B13:D230,3,FALSE) -> East Asia & Pacific | E14: 99.816782 | F14: 13.36 | G14: 13.5 | H14: 13.48 | I14: =AVERAGE(F14:H14) -> 13.446667 | J14: =VLOOKUP(B14,global!B13:P230,7,FALSE) -> 13.36 | K14: =VLOOKUP(B14,global!B13:P230,8,FALSE) -> 13.5 | L14: =VLOOKUP(B14,global!B13:P230,9,FALSE) -> 13.48 | M14: =AVERAGE(J14:L14) -> 13.446667 | N14: =VLOOKUP(B14,global!B13:P230,10,FALSE) -> 1.6739165e+12 | O14: =VLOOKUP(B14,global!B13:P230,11,FALSE) -> 1.7127929e+12 | P14: =VLOOKUP(B14,global!B13:P230,12,FALSE) -> 0 | Q14: 0 | R14: 0 | S14: 0 | T14: 80.46 | U14: 81.94 | V14: 82.52 | W14: 98.630951 | X14: 0 | Y14: 0 | Z14: 25.94399 | AA14: 11.414259 | AB14: 10.970817 | AC14: 10.568127 | AD14: 17.484646 | AE14: 18.335024 | AF14: 19.273513 | AG14: 529.43206 | AH14: 529.84241 | AI14: 69.4 | AJ14: 69.36 | AK14: 69.57 | AL14: 283722
A15: Lithuania | B15: LTU | C15: EUR | D15: =VLOOKUP(B15,global!B14:D231,3,FALSE) -> Europe & Central Asia | E15: 95.306736 | F15: 8.12 | G15: 7.82 | H15: 7.81 | I15: =AVERAGE(F15:H15) -> 7.9166667 | J15: =VLOOKUP(B15,global!B14:P231,7,FALSE) -> 8.12 | K15: =VLOOKUP(B15,global!B14:P231,8,FALSE) -> 7.82 | L15: =VLOOKUP(B15,global!B14:P231,9,FALSE) -> 7.81 | M15: =AVERAGE(J15:L15) -> 7.9166667 | N15: =VLOOKUP(B15,global!B14:P231,10,FALSE) -> 7.1033884e+10 | O15: =VLOOKUP(B15,global!B14:P231,11,FALSE) -> 7.9789877e+10 | P15: =VLOOKUP(B15,global!B14:P231,12,FALSE) -> 8.4869216e+10 | Q15: 8.29 | R15: 10.12 | S15: 8.72 | T15: 21.54 | U15: 24.29 | V15: 22.71 | W15: 0 | X15: 0 | Y15: 0 | Z15: 9.2189386 | AA15: 15.048975 | AB15: 14.88715 | AC15: 14.705978 | AD15: 19.860756 | AE15: 19.856179 | AF15: 20.166489 | AG15: 45.23096 | AH15: 45.871965 | AI15: 79.53 | AJ15: 79.48 | AK15: 79.53 | AL15: 12185
A16: Malta | B16: MLT | C16: EUR | D16: =VLOOKUP(B16,global!B15:D232,3,FALSE) -> Middle East & North Africa | E16: 99.964423 | F16: 20 | G16: 20.05 | H16: 20.08 | I16: =AVERAGE(F16:H16) -> 20.043333 | J16: =VLOOKUP(B16,global!B15:P232,7,FALSE) -> 20 | K16: =VLOOKUP(B16,global!B15:P232,8,FALSE) -> 20.05 | L16: =VLOOKUP(B16,global!B15:P232,9,FALSE) -> 20.08 | M16: =AVERAGE(J16:L16) -> 20.043333 | N16: =VLOOKUP(B16,global!B15:P232,10,FALSE) -> 1.9239187e+10 | O16: =VLOOKUP(B16,global!B15:P232,11,FALSE) -> 2.2210718e+10 | P16: =VLOOKUP(B16,global!B15:P232,12,FALSE) -> 2.4322007e+10 | Q16: 0 | R16: 0 | S16: 0 | T16: 50.47 | U16: 54.7 | V16: 87.89 | W16: 0 | X16: 0 | Y16: 0 | Z16: 11.722665 | AA16: 13.211484 | AB16: 13.151836 | AC16: 13.030502 | AD16: 19.28437 | AE16: 19.80004 | AF16: 20.212303 | AG16: 1659.7281 | AH16: 1727.3344 | AI16: 75.99 | AJ16: 76.11 | AK16: 76.14
A17: Netherlands | B17: NLD | C17: EUR | D17: =VLOOKUP(B17,global!B16:D233,3,FALSE) -> Europe & Central Asia | E17: 97.670234 | F17: 10.97 | G17: 10.75 | H17: 10.78 | I17: =AVERAGE(F17:H17) -> 10.833333 | J17: =VLOOKUP(B17,global!B16:P233,7,FALSE) -> 10.97 | K17: =VLOOKUP(B17,global!B16:P233,8,FALSE) -> 10.75 | L17: =VLOOKUP(B17,global!B16:P233,9,FALSE) -> 10.78 | M17: =AVERAGE(J17:L17) -> 10.833333 | N17: =VLOOKUP(B17,global!B16:P233,10,FALSE) -> 1.0465408e+12 | O17: =VLOOKUP(B17,global!B16:P233,11,FALSE) -> 1.1543613e+12 | P17: =VLOOKUP(B17,global!B16:P233,12,FALSE) -> 1.2275439e+12 | Q17: 0 | R17: 0 | S17: 0 | T17: 66.6 | U17: 61.2 | V17: 59.7 | W17: 0 | X17: 0 | Y17: 0 | Z17: 10.88925 | AA17: 15.350996 | AB17: 15.171274 | AC17: 15.025645 | AD17: 19.901283 | AE17: 20.156756 | AF17: 20.496078 | AG17: 525.71969 | AH17: 530.95091 | AI17: 80.54 | AJ17: 80.6 | AK17: 80.52
A18: New Zealand | B18: NZL | C18: WPR | D18: =VLOOKUP(B18,global!B17:D234,3,FALSE) -> East Asia & Pacific | E18: 100 | F18: 10.94 | G18: 10.98 | H18: 11.01 | I18: =AVERAGE(F18:H18) -> 10.976667 | J18: =VLOOKUP(B18,global!B17:P234,7,FALSE) -> 10.94 | K18: =VLOOKUP(B18,global!B17:P234,8,FALSE) -> 10.98 | L18: =VLOOKUP(B18,global!B17:P234,9,FALSE) -> 11.01 | M18: =AVERAGE(J18:L18) -> 10.976667 | N18: =VLOOKUP(B18,global!B17:P234,10,FALSE) -> 2.4950999e+11 | O18: =VLOOKUP(B18,global!B17:P234,11,FALSE) -> 2.5519497e+11 | P18: =VLOOKUP(B18,global!B17:P234,12,FALSE) -> 2.6023593e+11 | Q18: 23.93 | R18: 0 | S18: 0 | T18: 67.57 | U18: 0 | V18: 61.03 | W18: 0 | X18: 0 | Y18: 0 | Z18: 6.485915 | AA18: 18.640247 | AB18: 18.374737 | AC18: 18.118674 | AD18: 16.446389 | AE18: 16.79858 | AF18: 17.195754 | AG18: 19.433747 | AH18: 19.919487 | AI18: 78.64 | AJ18: 78.61 | AK18: 78.52
A19: Paraguay | B19: PRY | C19: AMR | D19: =VLOOKUP(B19,global!B18:D235,3,FALSE) -> Latin America & Caribbean | E19: 94.572748 | F19: 24.88 | G19: 24.9 | H19: 25.05 | I19: =AVERAGE(F19:H19) -> 24.943333 | J19: =VLOOKUP(B19,global!B18:P235,7,FALSE) -> 24.88 | K19: =VLOOKUP(B19,global!B18:P235,8,FALSE) -> 24.9 | L19: =VLOOKUP(B19,global!B18:P235,9,FALSE) -> 25.05 | M19: =AVERAGE(J19:L19) -> 24.943333 | N19: =VLOOKUP(B19,global!B18:P235,10,FALSE) -> 4.1952911e+10 | O19: =VLOOKUP(B19,global!B18:P235,11,FALSE) -> 4.3118053e+10 | P19: =VLOOKUP(B19,global!B18:P235,12,FALSE) -> 4.4458118e+10 | Q19: 0 | R19: 0 | S19: 0 | T19: 34.39 | U19: 29.85 | V19: 28.59 | W19: 94.993317 | X19: 96.73954 | Y19: 0 | Z19: 10.08916 | AA19: 28.926432 | AB19: 28.781005 | AC19: 28.587924 | AD19: 6.2309111 | AE19: 6.3692753 | AF19: 6.5376461 | AG19: 17.07136 | AH19: 17.282672 | AI19: 66.16 | AJ19: 65.86 | AK19: 65.12
A20: Portugal | B20: PRT | C20: EUR | D20: =VLOOKUP(B20,global!B19:D236,3,FALSE) -> Europe & Central Asia | E20: 99.661257 | F20: 16 | G20: 16.04 | H20: 16.08 | I20: =AVERAGE(F20:H20) -> 16.04 | J20: =VLOOKUP(B20,global!B19:P236,7,FALSE) -> 16 | K20: =VLOOKUP(B20,global!B19:P236,8,FALSE) -> 16.04 | L20: =VLOOKUP(B20,global!B19:P236,9,FALSE) -> 16.08 | M20: =AVERAGE(J20:L20) -> 16.04 | N20: =VLOOKUP(B20,global!B19:P236,10,FALSE) -> 2.5689868e+11 | O20: =VLOOKUP(B20,global!B19:P236,11,FALSE) -> 2.8969696e+11 | P20: =VLOOKUP(B20,global!B19:P236,12,FALSE) -> 3.0868332e+11 | Q20: 0 | R20: 0 | S20: 0 | T20: 0 | U20: 66.28 | V20: 64.01 | W20: 0 | X20: 0 | Y20: 0 | Z20: 8.4524227 | AA20: 13.002218 | AB20: 12.893647 | AC20: 12.80142 | AD20: 23.688004 | AE20: 24.111511 | AF20: 24.53065 | AG20: 113.90496 | AH20: 115.47519 | AI20: 69.68 | AJ20: 69.84 | AK20: 69.33
A21: Romania | B21: ROU | C21: EUR | D21: =VLOOKUP(B21,global!B20:D237,3,FALSE) -> Europe & Central Asia | E21: 88.284229 | F21: 10.97 | G21: 11.01 | H21: 11 | I21: =AVERAGE(F21:H21) -> 10.993333 | J21: =VLOOKUP(B21,global!B20:P237,7,FALSE) -> 10.97 | K21: =VLOOKUP(B21,global!B20:P237,8,FALSE) -> 11.01 | L21: =VLOOKUP(B21,global!B20:P237,9,FALSE) -> 11 | M21: =AVERAGE(J21:L21) -> 10.993333 | N21: =VLOOKUP(B21,global!B20:P237,10,FALSE) -> 2.9635436e+11 | O21: =VLOOKUP(B21,global!B20:P237,11,FALSE) -> 3.5077586e+11 | P21: =VLOOKUP(B21,global!B20:P237,12,FALSE) -> 3.8276757e+11 | Q21: 0 | R21: 0 | S21: 0 | T21: 23.05 | U21: 23.32 | V21: 19.62 | W21: 96.071579 | X21: 0 | Y21: 0 | Z21: 14.850173 | AA21: 16.015879 | AB21: 15.87647 | AC21: 15.715765 | AD21: 19.515247 | AE21: 19.753141 | AF21: 19.980999 | AG21: 82.790777 | AH21: 82.838487 | AI21: 74.42 | AJ21: 74.84 | AK21: 74.67 | AL21: 51364
A22: Spain | B22: ESP | C22: EUR | D22: =VLOOKUP(B22,global!B21:D238,3,FALSE) -> Europe & Central Asia | E22: 99.918616 | F22: 14.78 | G22: 14.75 | H22: 14.78 | I22: =AVERAGE(F22:H22) -> 14.77 | J22: =VLOOKUP(B22,global!B21:P238,7,FALSE) -> 14.78 | K22: =VLOOKUP(B22,global!B21:P238,8,FALSE) -> 14.75 | L22: =VLOOKUP(B22,global!B21:P238,9,FALSE) -> 14.78 | M22: =AVERAGE(J22:L22) -> 14.77 | N22: =VLOOKUP(B22,global!B21:P238,10,FALSE) -> 1.4464981e+12 | O22: =VLOOKUP(B22,global!B21:P238,11,FALSE) -> 1.6200907e+12 | P22: =VLOOKUP(B22,global!B21:P238,12,FALSE) -> 1.722746e+12 | Q22: 0 | R22: 0 | S22: 0 | T22: 64.6 | U22: 68.45 | V22: 68.45 | W22: 0 | X22: 0 | Y22: 0 | Z22: 9.5810546 | AA22: 13.59591 | AB22: 13.258651 | AC22: 12.921745 | AD22: 20.187999 | AE22: 20.653708 | AF22: 21.145444 | AG22: 95.626964 | AH22: 96.754376 | AI22: 66.08 | AJ22: 66.55 | AK22: 66.12 | AL22: 353920
A23: Thailand | B23: THA | C23: SEAR | D23: =VLOOKUP(B23,global!B23:D240,3,FALSE) -> East Asia & Pacific | E23: 99.015625 | F23: 27.17 | G23: 27.18 | H23: 27.22 | I23: =AVERAGE(F23:H23) -> 27.19 | J23: =VLOOKUP(B23,global!B23:P240,7,FALSE) -> 27.17 | K23: =VLOOKUP(B23,global!B23:P240,8,FALSE) -> 27.18 | L23: =VLOOKUP(B23,global!B23:P240,9,FALSE) -> 27.22 | M23: =AVERAGE(J23:L23) -> 27.19 | N23: =VLOOKUP(B23,global!B23:P240,10,FALSE) -> 4.956447e+11 | O23: =VLOOKUP(B23,global!B23:P240,11,FALSE) -> 5.1590628e+11 | P23: =VLOOKUP(B23,global!B23:P240,12,FALSE) -> 5.2641127e+11 | Q23: 0 | R23: 0 | S23: 0 | T23: 81.16 | U23: 43.34 | V23: 46.89 | W23: 0 | X23: 0 | Y23: 0 | Z23: 31.007202 | AA23: 15.432966 | AB23: 15.089679 | AC23: 14.749482 | AD23: 14.096784 | AE23: 14.718256 | AF23: 15.362754 | AG23: 140.41247 | AH23: 140.34809 | AI23: 72.29 | AJ23: 72.39 | AK23: 72.39
A24: United Kingdom | B24: GBR | C24: EUR | D24: =VLOOKUP(B24,global!B24:D241,3,FALSE) -> Europe & Central Asia | E24: 99.10479 | F24: 9.76 | G24: 9.71 | H24: 9.78 | I24: =AVERAGE(F24:H24) -> 9.75 | J24: =VLOOKUP(B24,global!B24:P241,7,FALSE) -> 9.76 | K24: =VLOOKUP(B24,global!B24:P241,8,FALSE) -> 9.71 | L24: =VLOOKUP(B24,global!B24:P241,9,FALSE) -> 9.78 | M24: =AVERAGE(J24:L24) -> 9.75 | N24: =VLOOKUP(B24,global!B24:P241,10,FALSE) -> 3.1140425e+12 | O24: =VLOOKUP(B24,global!B24:P241,11,FALSE) -> 3.3698619e+12 | P24: =VLOOKUP(B24,global!B24:P241,12,FALSE) -> 3.6438342e+12 | Q24: 0 | R24: 0 | S24: 0 | T24: 84.19 | U24: 75.51 | V24: 77.82 | W24: 0 | X24: 0 | Y24: 0 | Z24: 9.9128856 | AA24: 17.629257 | AB24: 17.409142 | AC24: 17.185047 | AD24: 18.930315 | AE24: 19.238129 | AF24: 19.499767 | AG24: 279.4362 | AH24: 283.10668 | AI24: 82.3 | AJ24: 82.3 | AK24: 82.34 | AL24: 2914000
A25: United States | B25: USA | C25: AMR | D25: =VLOOKUP(B25,global!B25:D242,3,FALSE) -> North America | E25: 99.631611 | F25: 11.06 | G25: 11 | H25: 11.12 | I25: =AVERAGE(F25:H25) -> 11.06 | J25: =VLOOKUP(B25,global!B25:P242,7,FALSE) -> 11.06 | K25: =VLOOKUP(B25,global!B25:P242,8,FALSE) -> 11 | L25: =VLOOKUP(B25,global!B25:P242,9,FALSE) -> 11.12 | M25: =AVERAGE(J25:L25) -> 11.06 | N25: =VLOOKUP(B25,global!B25:P242,10,FALSE) -> 26006893000000 | O25: =VLOOKUP(B25,global!B25:P242,11,FALSE) -> 27720709000000 | P25: =VLOOKUP(B25,global!B25:P242,12,FALSE) -> 29184890000000 | Q25: 0 | R25: 0 | S25: 0 | T25: 0 | U25: 0 | V25: #N/A | W25: 0 | X25: 0 | Y25: 0 | Z25: 7.8148575 | AA25: 17.881825 | AB25: 17.594638 | AC25: 17.324577 | AD25: 16.91962 | AE25: 17.431819 | AF25: 17.92873 | AG25: 36.514921 | AH25: 36.819806 | AI25: 60.98 | AJ25: 61.05 | AK25: 60.75
A26: Uruguay | B26: URY | C26: AMR | D26: =VLOOKUP(B26,global!B26:D243,3,FALSE) -> Latin America & Caribbean | E26: 98.324831 | F26: 18.13 | G26: 18.1 | H26: 18.1 | I26: =AVERAGE(F26:H26) -> 18.11 | J26: =VLOOKUP(B26,global!B26:P243,7,FALSE) -> 18.13 | K26: =VLOOKUP(B26,global!B26:P243,8,FALSE) -> 18.1 | L26: =VLOOKUP(B26,global!B26:P243,9,FALSE) -> 18.1 | M26: =AVERAGE(J26:L26) -> 18.11 | N26: =VLOOKUP(B26,global!B26:P243,10,FALSE) -> 7.0594111e+10 | O26: =VLOOKUP(B26,global!B26:P243,11,FALSE) -> 7.7991667e+10 | P26: =VLOOKUP(B26,global!B26:P243,12,FALSE) -> 8.0961511e+10 | Q26: 0 | R26: 0 | S26: 0 | T26: 32.72 | U26: 33.17 | V26: 31.73 | W26: 88.844101 | X26: 0 | Y26: 0 | Z26: 10.571792 | AA26: 19.066856 | AB26: 18.685403 | AC26: 18.292972 | AD26: 15.613406 | AE26: 15.812818 | AF26: 16.045193 | AG26: 19.374431 | AH26: 19.35825 | AI26: 73.37 | AJ26: 73.3 | AK26: 72.96
A27: Sweden | B27: SWE | C27: EUR | D27: =VLOOKUP(B27,[8]global!B27:D244,3,FALSE) -> Europe & Central Asia | E27: 98.860815 | F27: =VLOOKUP(B27,[4]tas!$A$2:$H$247,5,FALSE) -> 4.47 | G27: =VLOOKUP(B27,[4]tas!$A$2:$H$247,6,FALSE) -> 4.34 | H27: =VLOOKUP(B27,[4]tas!$A$2:$H$247,7,FALSE) -> 4.36 | I27: =AVERAGE(F27:H27) -> 4.39 | J27: =VLOOKUP(B27,[8]global!B27:P244,7,FALSE) -> 4.47 | K27: =VLOOKUP(B27,[8]global!B27:P244,8,FALSE) -> 4.34 | L27: =VLOOKUP(B27,[8]global!B27:P244,9,FALSE) -> 4.36 | M27: =AVERAGE(J27:L27) -> 4.39 | N27: =VLOOKUP(B27,[8]global!B27:P244,10,FALSE) -> 5.7989572e+11 | O27: =VLOOKUP(B27,[8]global!B27:P244,11,FALSE) -> 5.8548997e+11 | P27: =VLOOKUP(B27,[8]global!B27:P244,12,FALSE) -> 6.1011779e+11 | Q27: 0 | R27: 0 | S27: 0 | T27: 70 | U27: =VLOOKUP(B27,[6]Sheet1!$B$213:$K$420,10,FALSE) -> 70 | V27: =VLOOKUP(B27,[6]Sheet1!$B$2:$K$212,10,FALSE) -> 69 | W27: 99.670853 | X27: 0 | Y27: 0 | Z27: 5.6367079 | AA27: 17.488785 | AB27: 17.249785 | AC27: 16.98578 | AD27: 20.341902 | AE27: 20.536424 | AF27: 20.746768 | AG27: 25.748726 | AH27: 25.871368 | AI27: =VLOOKUP(B27,[7]all!$A$2:$I$247,6,FALSE) -> 79.64 | AJ27: =VLOOKUP(B27,[7]all!$A$2:$I$247,7,FALSE) -> 79.74 | AK27: =VLOOKUP(B27,[7]all!$A$2:$I$247,8,FALSE) -> 79.78

Sheet ve2
A1: NO. | B1: ve_siv | C1: ve_siv_lower95ci | D1: ve_siv_upper95ci | E1: ve_siv_cidifference | F1: logor_siv | G1: age | H1: type | I1: startyear | J1: endyear | K1: GBR | L1: CAN | M1: USA | N1: BEL | O1: ESP | P1: DEU | Q1: HRV | R1: LTU | S1: MLT | T1: PRT | U1: ROU | V1: CHN | W1: ITA | X1: ARG | Y1: BRA | Z1: CHL | AA1: URY | AB1: PRY | AC1: FRA | AD1: IRL | AE1: NLD | AF1: SWE | AG1: AUS | AH1: NZL | AI1: THA | AJ1: KOR
A2: 1 | B2: 55.9 | C2: 31.4 | D2: 71.5 | G2: 1 | H2: all | I2: 2022 | J2: 2023 | K2: 1
A3: 2 | B3: 54 | C3: 38 | D3: 66 | G3: 4 | H3: all | I3: 2022 | J3: 2023 | L3: 1
A4: 3 | B4: 40 | C4: 6 | D4: 61 | G4: 4 | H4: all | I4: 2022 | J4: 2023 | M4: 1
A5: 4 | B5: 27 | C5: 13 | D5: 39 | G5: 1 | H5: all | I5: 2022 | J5: 2023 | N5: =423/5547 -> 0.076257436 | O5: =4026/5547 -> 0.72579773 | P5: =108/5547 -> 0.019469984 | Q5: =212/5547 -> 0.038218857 | R5: =184/5547 -> 0.033171083 | S5: =332/5547 -> 0.059852172 | T5: =62/5547 -> 0.011177213 | U5: =200/5547 -> 0.036055526
A6: 5 | B6: 37 | C6: 27 | D6: 46 | G6: 1 | H6: all | I6: 2022 | J6: 2023 | M6: 1
A7: 6 | B7: 54.7 | C7: 23.7 | D7: 73.1 | G7: 4 | H7: all | I7: 2024 | J7: 2025 | V7: 1
A8: 7 | B8: 49.4 | C8: 47.8 | D8: 50.9 | G8: 4 | H8: all | I8: 2023 | J8: 2024 | V8: 1
A9: 8 | B9: 42.9 | C9: 32.6 | D9: 51.5 | G9: 1 | H9: A | I9: 2023 | J9: 2024 | V9: 1
A10: 9 | B10: 44.8 | C10: 35.9 | D10: 52.4 | G10: 4 | H10: all | I10: 2023 | J10: 2024 | V10: 1
A11: 10 | B11: 41.4 | C11: 10.5 | D11: 61.6 | G11: 4 | H11: all | I11: 2023 | J11: 2024 | W11: 1
A12: 11 | B12: 30 | C12: -9 | D12: 54 | G12: 4 | H12: all | I12: 2022 | J12: 2023 | M12: 1
A13: 12 | B13: 45 | C13: 44 | D13: 46 | G13: 4 | H13: all | I13: 2023 | J13: 2024 | M13: 1
A14: 13 | B14: 42 | C14: 41 | D14: 43 | G14: 4 | H14: A | I14: 2023 | J14: 2024 | M14: 1
A15: 14 | B15: 54 | C15: 41 | D15: 64 | G15: 4 | H15: all | I15: 2024 | J15: 2025 | L15: 1
A16: 15 | B16: 42 | C16: 29 | D16: 54 | G16: 4 | H16: all | I16: 2024 | J16: 2025 | M16: 1
A17: 16 | B17: 56 | C17: 54 | D17: 58 | G17: 4 | H17: all | I17: 2024 | J17: 2025 | M17: 1
A18: 17 | B18: 33 | C18: 16 | D18: 47 | G18: 4 | H18: all | I18: 2023 | J18: 2024 | M18: 1
A19: 18 | B19: 48.353226 | C19: 47.356472 | D19: 49.331108 | G19: 4 | H19: all | I19: 2023 | J19: 2024 | M19: 1
A20: 19 | B20: 54 | C20: 23 | D20: 73 | G20: 4 | H20: A | I20: 2022 | J20: 2023 | M20: 1
A21: 20 | B21: 42.2 | C21: 6.9 | D21: 64.1 | G21: 4 | H21: all | I21: 2024 | J21: 2024 | X21: 1
A22: 21 | B22: 30.3 | C22: 19.9 | D22: 39.4 | G22: 4 | H22: all | I22: 2024 | J22: 2024 | Y22: 1
A23: 22 | B23: 56.9 | C23: 42.5 | D23: 67.7 | G23: 4 | H23: all | I23: 2024 | J23: 2024 | Z23: 1
A24: 23 | B24: 61 | C24: -11.5 | D24: 86.4 | G24: 4 | H24: all | I24: 2024 | J24: 2024 | AA24: 1
A25: 24 | B25: 51.9 | C25: 39.2 | D25: 62 | G25: 4 | H25: all | I25: 2023 | J25: 2023 | X25: =88/2780 -> 0.031654676 | Y25: =918/2780 -> 0.33021583 | Z25: =1158/2780 -> 0.41654676 | AA25: =167/2780 -> 0.060071942 | AB25: =449/2780 -> 0.16151079
A26: 25 | B26: 51 | C26: 41 | D26: 59 | G26: 4 | H26: A | I26: 2023 | J26: 2024 | O26: 0.125 | P26: 0.125 | Q26: 0.125 | T26: 0.125 | AC26: 0.125 | AD26: 0.125 | AE26: 0.125 | AF26: 0.125
A27: 26 | B27: 38 | C27: 27 | D27: 48 | G27: 4 | H27: A | I27: 2023 | J27: 2024 | N27: 0.16666667 | O27: 0.16666667 | P27: 0.16666667 | Q27: 0.16666667 | S27: 0.16666667 | T27: 0.16666667
A28: 27 | B28: 34 | C28: 16 | D28: 48 | G28: 4 | H28: all | I28: 2022 | J28: 2023 | O28: 1
A29: 28 | B29: 57 | C29: 11 | D29: 81 | G29: 1 | H29: all | I29: 2022 | J29: 2023 | W29: 1
A30: 29 | B30: 42 | C30: 9 | D30: 64 | G30: 4 | H30: all | I30: 2022 | J30: 2023 | AD30: 1
A31: 30 | B31: 35 | C31: 15 | D31: 51 | G31: 4 | H31: all | I31: 2023 | J31: 2024 | AD31: 1
A32: 31 | B32: 48 | C32: 46 | D32: 51 | G32: 4 | H32: all | I32: 2023 | J32: 2024 | V32: 1
A33: 32 | B33: 44 | C33: 36 | D33: 51 | G33: 4 | H33: A | I33: 2023 | J33: 2024 | M33: 1
A34: 33 | B34: 35 | C34: 27 | D34: 43 | G34: 1 | H34: all | I34: 2022 | J34: 2023 | M34: 1
A35: 34 | B35: 23.2 | C35: -6.5 | D35: 44.6 | G35: 4 | H35: all | I35: 2023 | J35: 2023 | V35: 1
A36: 35 | B36: 56.3 | C36: 13.6 | D36: 73.6 | G36: 1 | H36: all | I36: 2023 | J36: 2023 | V36: 1
A37: 36 | B37: 32 | C37: 10 | D37: 49 | G37: 1 | H37: all | I37: 2022 | J37: 2023 | M37: 1
A38: 37 | B38: 50.416074 | C38: 49.845295 | D38: 50.980358 | G38: 4 | H38: all | I38: 2023 | J38: 2024 | M38: 1
A39: 38 | B39: 42 | C39: 37 | D39: 46 | G39: 4 | H39: all | I39: 2024 | J39: 2025 | AC39: 1
A40: 39 | B40: 49 | C40: 23 | D40: 67 | G40: 4 | H40: all | I40: 2022 | J40: 2022 | Z40: 1
A41: 40 | B41: 39 | C41: 37 | D41: 41 | G41: 4 | H41: all | I41: 2022 | J41: 2022 | AG41: 1
A42: 41 | B42: 48 | C42: 10 | D42: 70 | G42: 1 | H42: A | I42: 2023 | J42: 2024 | W42: 1
A43: 42 | B43: 34 | C43: 15 | D43: 48 | G43: 4 | H43: all | I43: 2022 | J43: 2022 | Z43: =2788/3147 -> 0.8859231 | AA43: =249/3147 -> 0.079122974 | AB43: =110/3147 -> 0.034953924
A44: 43 | B44: 59.3 | C44: 27.3 | D44: 77.3 | G44: 1 | H44: all | I44: 2022 | J44: 2023 | T44: 1
A45: 44 | B45: 57 | C45: 50 | D45: 63 | G45: 4 | H45: all | I45: 2022 | J45: 2023 | K45: 1
A46: 45 | B46: 40.6 | C46: -21.9 | D46: 71.1 | G46: 4 | H46: all | I46: 2022 | J46: 2023 | O46: 1
A47: 46 | B47: 43 | C47: 26 | D47: 56 | G47: 4 | H47: all | I47: 2023 | J47: 2024 | O47: 1
A48: 47 | B48: 67.5 | C48: 60.8 | D48: 73 | G48: 4 | H48: all | I48: 2023 | J48: 2023 | AG48: 1
A49: 48 | B49: 29.3 | C49: 8.8 | D49: 45.1 | G49: 4 | H49: all | I49: 2023 | J49: 2023 | Y49: 1
A50: 49 | B50: 56.9 | C50: 44.8 | D50: 66.3 | G50: 4 | H50: all | I50: 2023 | J50: 2023 | Z50: 1
A51: 50 | B51: 58.8 | C51: 34.5 | D51: 74.1 | G51: 4 | H51: all | I51: 2023 | J51: 2023 | AH51: 1
A52: 51 | B52: 38.8 | C52: -49.1 | D52: 74.9 | G52: 4 | H52: all | I52: 2023 | J52: 2023 | AI52: 1
A53: 52 | B53: 15.5 | C53: -70.1 | D53: 58.1 | G53: 4 | H53: all | I53: 2023 | J53: 2023 | AA53: 1
A54: 53 | B54: 48.5 | C54: 34.8 | D54: 59.5 | G54: 4 | H54: all | I54: 2024 | J54: 2025 | V54: 1
A55: 54 | B55: 61.505578 | C55: 60.377493 | D55: 62.601545 | G55: 4 | H55: all | I55: 2023 | J55: 2023 | L55: 1
A56: 55 | B56: 24.3 | C56: 11.5 | D56: 35.2 | G56: 1 | H56: all | I56: 2023 | J56: 2024 | AJ56: 1
